elapsed,rss,cpuSeconds
0.0001345500349998474,0,0.0
0.10133182816207409,70098944,0.09
0.20170355960726738,81076224,0.19
0.3021355830132961,94183424,0.3
0.40346395783126354,116858880,0.41
0.503866009414196,127881216,0.51
0.6042549218982458,130101248,0.55
0.705009538680315,130756608,0.58
0.8055342696607113,131149824,0.61
0.9058796092867851,131674112,0.64
1.0063665322959423,132067328,0.66
1.1066967938095331,132460544,0.69
1.2071764469146729,132853760,0.72
1.3075998052954674,133640192,0.75
1.4079977609217167,134033408,0.77
1.508408810943365,134426624,0.8
1.6087940521538258,134950912,0.83
1.70940363407135,136482816,0.88
1.8098135981708765,136482816,0.92
1.9101959895342588,136482816,0.95
2.010524170473218,142249984,1.0
2.1108422093093395,142381056,1.03
2.211431823670864,142512128,1.07
2.311798134818673,142643200,1.1
2.41254610940814,143257600,1.14
2.5129543021321297,143257600,1.16
2.613327542319894,143388672,1.19
2.7136883046478033,144961536,1.24
2.814078075811267,144961536,1.27
2.9144401662051678,146927616,1.31
3.0147844087332487,154267648,1.35
3.1152232624590397,155709440,1.39
3.215597741305828,157806592,1.42
3.316016413271427,159510528,1.45
3.4163656141608953,160858112,1.51
3.516806285828352,160858112,1.54
3.61734526976943,160989184,1.58
3.7176967319101095,162037760,1.62
3.81816129386425,163348480,1.66
3.9185830168426037,165314560,1.7
4.0191155187785625,165707776,1.7
4.119528757408261,171737088,1.74
4.219987383112311,173309952,1.77
4.320382982492447,175144960,1.8
4.42072363384068,175833088,1.83
4.521131858229637,175833088,1.83
4.621462257578969,176750592,1.88
4.721849098801613,176881664,1.91
4.82227499037981,176881664,1.94
4.922642312943935,176881664,1.94
5.023076383396983,176881664,1.94
5.12351549603045,177930240,1.99
5.223918538540602,178061312,2.03
5.3245358020067215,178061312,2.06
5.424964532256126,178061312,2.06
5.525556605309248,178323456,2.06
5.626210099086165,179240960,2.11
5.726607291027904,179240960,2.14
5.827007461339235,179240960,2.16
5.9273470137268305,178864128,2.19
6.028669601306319,179519488,2.19
6.129143001511693,179781632,2.22
6.229526553303003,179781632,2.25
6.3299137856811285,179912704,2.26
6.4303191509097815,180043776,2.28
6.5307446997612715,180961280,2.29
6.633270354941487,180961280,2.32
6.733642466366291,180961280,2.34
6.834022630006075,180961280,2.35
6.934378977864981,180961280,2.38
7.035458397120237,181223424,2.4
7.135939538478851,182140928,2.43
7.2363710310310125,182272000,2.46
7.336723932996392,182272000,2.47
7.437417093664408,182272000,2.51
7.537791365757585,182403072,2.54
7.638480119407177,182784000,2.58
7.738888802006841,182784000,2.61
7.839356305077672,182915072,2.65
7.939721345901489,183046144,2.67
8.040196258574724,183963648,2.69
8.140582038089633,183963648,2.72
8.241198582574725,183963648,2.75
8.341524982824922,184225792,2.78
8.442176725715399,184225792,2.8
8.542571065947413,185143296,2.81
8.643273981288075,185143296,2.84
8.743700971826911,185143296,2.86
8.845532823354006,185274368,2.89
8.945875026285648,185405440,2.92
9.046263426542282,185622528,2.95
9.146675057709217,185753600,2.96
9.247831624001265,185753600,2.97
9.348349645733833,187457536,3.0
9.450413677841425,187457536,3.03
9.550807662308216,188375040,3.06
9.651236841455102,188637184,3.09
9.751560721546412,188637184,3.13
9.85198705457151,188768256,3.15
9.952331276610494,188768256,3.15
10.052773747593164,189685760,3.16
10.153246277943254,189685760,3.19
10.253678001463413,189816832,3.22
10.35408291220665,189947904,3.23
10.45447450503707,189947904,3.26
10.554888095706701,190246912,3.29
10.655344808474183,190640128,3.32
10.756061950698495,191688704,3.35
10.856429042294621,192475136,3.37
10.956799944862723,193654784,3.4
11.057265846058726,194834432,3.45
11.157671567052603,194834432,3.48
11.258070478215814,194965504,3.5
11.358593350276351,196014080,3.59
11.459008481353521,195686400,3.62
11.559370154514909,195686400,3.64
11.65976195409894,195686400,3.67
11.760127816349268,195948544,3.71
11.86124787479639,195948544,3.74
11.96182169392705,195948544,3.76
12.062246898189187,195948544,3.8
12.164478320628405,195948544,3.82
12.265295814722776,196472832,3.84
12.365705136209726,196472832,3.87
12.466089878231287,196472832,3.89
12.56645181775093,196472832,3.92
12.666864199563861,196472832,3.94
12.767297241836786,196866048,3.98
12.867627263069153,197914624,4.02
12.968178175389767,199618560,4.05
13.068585526198149,199426048,4.09
13.168975610285997,199426048,4.12
13.269501669332385,199426048,4.16
13.369863081723452,199426048,4.18
13.470315674319863,199426048,4.18
13.570700034499168,199819264,4.19
13.671140138059855,199819264,4.22
13.77163184992969,199819264,4.25
13.872109230607748,199819264,4.27
13.972552753984928,199819264,4.27
14.072977364063263,200081408,4.29
14.173564705997705,200081408,4.32
14.27422402985394,200081408,4.33
14.374659741297364,200081408,4.36
14.475017242133617,199131136,4.39
14.576300470158458,199393280,4.42
14.676689552143216,199393280,4.43
14.777221014723182,199393280,4.46
14.877592233940959,199393280,4.5
14.978017525747418,199393280,4.51
15.079392986372113,199786496,4.53
15.179803017526865,199786496,4.56
15.280218428000808,199786496,4.59
15.380811110138893,199786496,4.61
15.4812356736511,199786496,4.64
15.581578874960542,200179712,4.66
15.68221820704639,200179712,4.7
15.78261087834835,200179712,4.73
15.882986409589648,200179712,4.76
15.983364302664995,198819840,4.81
16.083756752312183,199213056,4.84
16.184159841388464,199213056,4.87
16.285257240757346,199213056,4.89
16.385571951046586,199213056,4.92
16.485933212563396,199213056,4.94
16.58642814308405,199475200,4.97
16.686775224283338,199475200,5.0
16.787152595818043,199475200,5.03
16.887506226077676,199475200,5.05
16.98788351751864,199475200,5.05
17.088565481826663,199737344,5.07
17.188966562971473,199737344,5.09
17.289471693336964,199737344,5.11
17.389952575787902,199737344,5.13
17.490358548238873,198778880,5.14
17.5907373894006,199041024,5.17
17.691116770729423,199041024,5.21
17.791516622528434,199041024,5.24
17.891956543549895,199041024,5.24
17.992450926452875,199041024,5.24
18.09297677874565,199077888,5.29
18.19340479001403,199077888,5.32
18.294140392914414,199077888,5.35
18.39460887387395,199077888,5.37
18.495376408100128,199077888,5.37
18.595689699053764,199340032,5.4
18.69619444012642,199340032,5.44
18.79657149128616,198373376,5.48
18.897160464897752,198373376,5.48
18.997554894536734,198373376,5.48
19.097926046699286,198635520,5.51
19.198352128267288,198635520,5.53
19.29936179332435,198635520,5.55
19.399736303836107,198635520,5.58
19.50036669895053,198635520,5.6
19.600932409986854,199028736,5.63
19.701402621343732,199028736,5.66
19.801784962415695,199028736,5.69
19.902240114286542,199028736,5.71
20.002667486667633,199028736,5.71
20.10307669825852,199421952,5.73
20.203487988561392,199421952,5.76
20.30384786054492,199421952,5.78
20.40430648252368,199421952,5.82
20.504676412791014,198414336,5.84
20.6051312033087,198676480,5.87
20.70573847554624,198676480,5.91
20.80615901760757,198676480,5.95
20.906550217419863,198676480,5.99
21.00694254040718,198676480,6.03
21.107349801808596,198676480,6.03
21.207687502726912,198684672,6.1
21.308107094839215,198684672,6.13
21.408508975058794,198684672,6.17
21.50889909826219,198684672,6.17
21.60924533754587,199077888,6.2
21.709568498656154,199077888,6.24
21.810060549527407,199077888,6.27
21.9104622900486,199077888,6.27
22.010832253843546,199077888,6.27
22.11124436184764,199471104,6.3
22.211654106155038,199471104,6.32
22.312159648165107,199471104,6.36
22.413461646065116,199471104,6.38
22.513855615630746,199471104,6.38
22.614481998607516,199733248,6.42
22.71485942043364,199733248,6.45
22.815354922786355,199733248,6.49
22.91572194173932,198766592,6.51
23.016112623736262,198766592,6.51
23.116469694301486,199028736,6.54
23.216850785538554,199028736,6.58
23.317370768636465,199028736,6.62
23.417822282761335,199028736,6.62
23.518285362049937,199028736,6.62
23.61864841170609,199421952,6.66
23.718976913020015,199421952,6.69
23.819425486028194,199421952,6.72
23.91981770657003,199421952,6.72
24.020279578864574,199421952,6.72
24.12071594968438,199684096,6.76
24.221203250810504,199684096,6.79
24.323178082704544,199684096,6.8
24.42355833388865,199684096,6.84
24.523980386555195,198676480,6.85
24.624744510278106,198938624,6.89
24.725290002301335,198938624,6.91
24.825780753046274,198938624,6.94
24.926222013309598,198938624,6.97
25.026616426184773,198938624,6.97
25.12707631662488,199331840,7.02
25.22752075828612,199331840,7.06
25.327837508171797,199331840,7.09
25.42825511097908,199331840,7.09
25.528629461303353,199725056,7.09
25.629287561401725,199725056,7.13
25.729667086154222,199725056,7.17
25.831238213926554,198414336,7.24
25.93168220669031,198414336,7.24
26.032098468393087,198676480,7.25
26.13244090601802,198676480,7.3
26.232794370502234,198676480,7.32
26.333226220682263,198676480,7.34
26.43378745391965,198676480,7.34
26.535782543942332,198938624,7.35
26.636339345946908,200249344,7.4
26.737124240025878,200249344,7.43
26.837601672858,201166848,7.45
26.937911251559854,201166848,7.45
27.038276502862573,201560064,7.47
27.138678086921573,201560064,7.51
27.239127825945616,201560064,7.54
27.339488038793206,200540160,7.56
27.43986113741994,200540160,7.56
27.540248479694128,200802304,7.57
27.640624221414328,200802304,7.6
27.741011882200837,200802304,7.63
27.841388361528516,200802304,7.66
27.941783284768462,200802304,7.68
28.042387258261442,201195520,7.69
28.143274841830134,201195520,7.72
28.243669172748923,201195520,7.74
28.34414181485772,201195520,7.77
28.445307770743966,201195520,7.8
28.545758301392198,201588736,7.82
28.64617265202105,201588736,7.84
28.746523063629866,201588736,7.88
28.846931854262948,200564736,7.91
28.947355495765805,200564736,7.91
29.047734228894114,200826880,7.92
29.148150438442826,200826880,7.96
29.248519737273455,200826880,7.99
29.348962569609284,200826880,8.02
29.449414394795895,200826880,8.02
29.549808794632554,201220096,8.04
29.650209914892912,201220096,8.08
29.750567154958844,201220096,8.11
29.850934056565166,201220096,8.12
29.951367208734155,201220096,8.12
30.051718758419156,201613312,8.14
30.15214066952467,201613312,8.18
30.252534601837397,201613312,8.21
30.353014493361115,201613312,8.23
30.453509774059057,201613312,8.23
30.554103726521134,202006528,8.25
30.654726119711995,202006528,8.29
30.755208250135183,202006528,8.33
30.85571127384901,202268672,8.36
30.956138527020812,200859648,8.41
31.056799206882715,201121792,8.48
31.15721106901765,200781824,8.52
31.25757947936654,200781824,8.55
31.35796581953764,200781824,8.58
31.458352332934737,200781824,8.58
31.55875331349671,201175040,8.6
31.65919334255159,201175040,8.62
31.759557973593473,201175040,8.65
31.859959177672863,201175040,8.66
31.960409158840775,201175040,8.66
32.06081511825323,201568256,8.69
32.16126899048686,201568256,8.72
32.261621441692114,201568256,8.75
32.36208116263151,201568256,8.77
32.46397325396538,201568256,8.77
32.56436578556895,201830400,8.8
32.66476401500404,201830400,8.84
32.76521185785532,201830400,8.86
32.86559003777802,201830400,8.89
32.96609929949045,200863744,8.9
33.06660516932607,201125888,8.92
33.16694282181561,201125888,8.96
33.26731762290001,201650176,9.0
33.3676608838141,201650176,9.01
33.4681097548455,201650176,9.01
33.56846421584487,201912320,9.03
33.66886227764189,201912320,9.06
33.7692130189389,201912320,9.1
33.86958896741271,201912320,9.1
33.96997479908168,201912320,9.1
34.0704299621284,202305536,9.13
34.17133657634258,202305536,9.16
34.27167899534106,202305536,9.19
34.37214685790241,202305536,9.22
34.47257634066045,201318400,9.22
34.57299125753343,201580544,9.25
34.67343632131815,201580544,9.28
34.77383120171726,201580544,9.31
34.874240374192595,201580544,9.34
34.97466831468046,201580544,9.34
35.07516244612634,201973760,9.36
35.17565746791661,201973760,9.38
35.27624708972871,201973760,9.42
35.37664018198848,201973760,9.44
35.47710416279733,201973760,9.46
35.57748915441334,202366976,9.48
35.677879605442286,202366976,9.52
35.7784322258085,202366976,9.53
35.87881216779351,202366976,9.56
35.9792319778353,202366976,9.56
36.079849902540445,202760192,9.58
36.18030206300318,202760192,9.6
36.28068613447249,202760192,9.63
36.38133307546377,201449472,9.66
36.481759037822485,201449472,9.72
36.582226410508156,201711616,9.74
36.68263475038111,201711616,9.78
36.7830173894763,201711616,9.81
36.883355682715774,201711616,9.84
36.983713552355766,201711616,9.84
37.08446275442839,202104832,9.87
37.18479890562594,202104832,9.9
37.28521968796849,202104832,9.93
37.38563144765794,202104832,9.95
37.486010329797864,202104832,9.95
37.58637841977179,202366976,9.98
37.68684931099415,202366976,10.0
37.78741239383817,202366976,10.04
37.88781754672527,201318400,10.05
37.98825088702142,201318400,10.05
38.08861594647169,201711616,10.09
38.18897412531078,201711616,10.12
38.2893383577466,201711616,10.15
38.389734180644155,201711616,10.17
38.4901378210634,201711616,10.17
38.59048839099705,202104832,10.2
38.69084052927792,202104832,10.23
38.79119864292443,202104832,10.25
38.89151959307492,202104832,10.28
38.99199057370424,202104832,10.28
39.09233797341585,202366976,10.31
39.19273008592427,202366976,10.34
39.29316154681146,202366976,10.37
39.393529728055,201408512,10.4
39.493970170617104,201408512,10.4
39.594317920506,201670656,10.42
39.694965202361345,201670656,10.46
39.795338021591306,201670656,10.48
39.89573242329061,201670656,10.51
39.996145406737924,201670656,10.51
40.09668719768524,202063872,10.54
40.19726959057152,202063872,10.57
40.297654619440436,202063872,10.61
40.39808112941682,202063872,10.64
40.498419262468815,202063872,10.64
40.59878637269139,202326016,10.66
40.69917295500636,202326016,10.7
40.79954145476222,202326016,10.71
40.89990406483412,202326016,10.76
41.000327026471496,202326016,10.78
41.10129316151142,202326016,10.81
41.20169319026172,201801728,10.89
41.3021240029484,201801728,10.92
41.402540534734726,201801728,10.96
41.502971233800054,201801728,10.97
41.60336082614958,202194944,11.0
41.70370853692293,202194944,11.02
41.80519496463239,202194944,11.05
41.90563319437206,202194944,11.08
42.00601002573967,202194944,11.1
42.10641119815409,202588160,11.12
42.20678606815636,202588160,11.15
42.30738338269293,202588160,11.18
42.4076988901943,202588160,11.2
42.508221643045545,202588160,11.22
42.60925405845046,202981376,11.25
42.70957647822797,202981376,11.27
42.809964118525386,202981376,11.29
42.910305730998516,203505664,11.33
43.011382795870304,203505664,11.33
43.11174722574651,206520320,11.36
43.212382178753614,206520320,11.4
43.31284618936479,206520320,11.43
43.413373781368136,206520320,11.44
43.51378611475229,206520320,11.44
43.61416835337877,206782464,11.48
43.71456086449325,208617472,11.51
43.81496015377343,209797120,11.54
43.91537333652377,210190336,11.54
44.01575135812163,210190336,11.54
44.11620702780783,214908928,11.58
44.2165974508971,215826432,11.6
44.31739058159292,216743936,11.63
44.41779176145792,217923584,11.65
44.51823543384671,217006080,11.68
44.61873412691057,217268224,11.71
44.71972379088402,217268224,11.74
44.82021346129477,217268224,11.77
44.920646945014596,217268224,11.79
45.02106821350753,217268224,11.79
45.12161935865879,217661440,11.82
45.2219866476953,217923584,11.84
45.32232794910669,217923584,11.87
45.42270622961223,217923584,11.88
45.523150119930506,217923584,11.88
45.62356829084456,218316800,11.93
45.72412921488285,218578944,11.96
45.824488224461675,218578944,11.99
45.92493870668113,218578944,11.99
46.02536203712225,218578944,11.99
46.125729747116566,219496448,12.03
46.22620724700391,219496448,12.05
46.32662505842745,220545024,12.06
46.42708252929151,221200384,12.08
46.527484679594636,220905472,12.15
46.62786898203194,221167616,12.19
46.72820479236543,221167616,12.23
46.82856961339712,221167616,12.25
46.92907467484474,221167616,12.27
47.02944280579686,221167616,12.27
47.12979975529015,221429760,12.31
47.230227718129754,221429760,12.34
47.33056976646185,221429760,12.36
47.43092231824994,221429760,12.38
47.53168676234782,221822976,12.4
47.63213600218296,221822976,12.43
47.73269493505359,221822976,12.45
47.83309870585799,221822976,12.48
47.933826237916946,221822976,12.51
48.03419156931341,222216192,12.52
48.13460738025606,222216192,12.55
48.236424930393696,222216192,12.58
48.33720756135881,222216192,12.6
48.43953066691756,222216192,12.62
48.54027043096721,222609408,12.65
48.64066276140511,222609408,12.67
48.74113670177758,222609408,12.69
48.841475162655115,222609408,12.72
48.941800374537706,222609408,12.76
49.04238612577319,222871552,12.77
49.142738185822964,222871552,12.79
49.2431598380208,222871552,12.82
49.343598518520594,222871552,12.87
49.4439346678555,222871552,12.87
49.54434099793434,223526912,12.89
49.645750066265464,225755136,12.92
49.74611068703234,227852288,12.96
49.84647569805384,225628160,12.96
49.94680101796985,225628160,12.96
50.047311291098595,225890304,12.98
50.148109873756766,225890304,13.01
50.248489033430815,225890304,13.03
50.34888711385429,225890304,13.06
50.44982745870948,225890304,13.07
50.5502969417721,226283520,13.09
50.65071747265756,226283520,13.13
50.751421105116606,226283520,13.15
50.85187843628228,226283520,13.18
50.95239070802927,226283520,13.2
51.05280588939786,226283520,13.23
51.15328907035291,226283520,13.26
51.253698989748955,226283520,13.26
51.35418048128486,226283520,13.28
51.455379297956824,226414592,13.3
51.5557985175401,226414592,13.32
51.656326001510024,226414592,13.32
51.75671822205186,226414592,13.33
51.85746478661895,226414592,13.34
51.960526164621115,225816576,13.4
52.06133338622749,225816576,13.42
52.16166754812002,225816576,13.44
52.262126449495554,225816576,13.45
52.36251461878419,225816576,13.47
52.46294701099396,225816576,13.49
52.56337662227452,225816576,13.51
52.663740722462535,225816576,13.53
52.76414830237627,226078720,13.56
52.86531970836222,226078720,13.58
52.965707290917635,226078720,13.6
53.06782312132418,226078720,13.63
53.16850509494543,226078720,13.64
53.26885552331805,226078720,13.65
53.36937473528087,226078720,13.67
53.469754518941045,226471936,13.7
53.570149747654796,226471936,13.74
53.670492097735405,226471936,13.76
53.77086907811463,226471936,13.78
53.87129221111536,226865152,13.82
53.97166152112186,226865152,13.83
54.0721407905221,226865152,13.85
54.17265264131129,226865152,13.88
54.273317005485296,226865152,13.9
54.37432947009802,226865152,13.91
54.47473760135472,227389440,13.95
54.57519306242466,227389440,13.96
54.675852205604315,227389440,13.98
54.77628888562322,227389440,14.0
54.87684234790504,227389440,14.02
54.9774165302515,227389440,14.03
55.07782364077866,227389440,14.05
55.17844175361097,227651584,14.08
55.278892774134874,227651584,14.1
55.37930313497782,227651584,14.11
55.47983404621482,227651584,14.14
55.58049502968788,227651584,14.16
55.68088568933308,227913728,14.18
55.78125417046249,227913728,14.21
55.88164225034416,227913728,14.23
55.982191963121295,227913728,14.25
56.0833685901016,227913728,14.28
56.183746337890625,226160640,14.32
56.284179190173745,226160640,14.35
56.38462152145803,226160640,14.38
56.485002072528005,226160640,14.4
56.58550173416734,226160640,14.42
56.6858474239707,226553856,14.45
56.78619407489896,226553856,14.48
56.88671409711242,226553856,14.51
56.987171206623316,226553856,14.54
57.08753018639982,226947072,14.56
57.18827342055738,226947072,14.59
57.28868282213807,226947072,14.62
57.38941016420722,226947072,14.65
57.49011216685176,226947072,14.65
57.590558368712664,227340288,14.68
57.691160479560494,227340288,14.71
57.792947409674525,227340288,14.73
57.893357360735536,227340288,14.75
57.993774350732565,232452096,14.79
58.09415826201439,234156032,14.84
58.19449824281037,235991040,14.87
58.294871121644974,238952448,14.96
58.39573645591736,238952448,14.99
58.49631864763796,238952448,15.01
58.596754739061,239214592,15.06
58.69719514064491,239214592,15.09
58.79829874634743,239214592,15.12
58.89869335666299,239214592,15.16
58.99969824962318,239607808,15.19
59.1001577116549,239607808,15.22
59.200571943074465,239607808,15.24
59.30104982294142,239607808,15.26
59.401605416089296,240001024,15.3
59.502550799399614,240001024,15.33
59.603014063090086,240001024,15.35
59.70340490154922,240001024,15.38
59.80376926250756,240001024,15.4
59.90420605428517,240263168,15.43
60.004572834819555,240263168,15.47
60.10492509417236,240263168,15.51
60.20530340448022,240656384,15.54
60.305723113939166,240656384,15.58
60.40618040598929,240656384,15.61
60.50650385580957,241049600,15.66
60.60684420540929,241049600,15.7
60.70745827816427,240386048,15.73
60.80785804055631,239239168,15.77
60.908242370933294,239239168,15.81
61.00863382034004,239239168,15.82
61.10902122966945,239239168,15.85
61.20941653102636,239239168,15.88
61.309754682704806,239239168,15.92
61.41014312207699,239239168,15.95
61.51089853607118,239239168,15.99
61.611333936452866,239632384,16.06
61.711750285699964,238977024,16.09
61.81220003776252,238977024,16.12
61.912601290270686,238977024,16.15
62.013194750994444,239370240,16.18
62.11382844299078,239370240,16.21
62.21424392424524,239370240,16.23
62.31533003784716,239370240,16.27
62.41633210144937,239370240,16.28
62.5170604865998,239632384,16.32
62.61742406710982,239632384,16.36
62.71780091896653,239632384,16.39
62.81923097372055,240025600,16.43
62.9196493756026,240025600,16.46
63.0201330576092,240025600,16.5
63.12054929882288,240418816,16.53
63.22097325883806,240418816,16.56
63.32135005109012,240418816,16.59
63.421694139018655,240418816,16.62
63.52213044092059,240418816,16.63
63.622520569711924,240680960,16.67
63.72280172072351,240680960,16.7
63.823335003107786,240680960,16.74
63.923745073378086,240680960,16.74
64.02423522621393,240680960,16.74
64.12457313388586,241074176,16.77
64.22494091466069,241074176,16.79
64.32558717764914,241074176,16.83
64.42605308815837,239009792,16.83
64.52643631026149,239009792,16.83
64.62682957015932,239271936,16.88
64.72720891982317,239271936,16.91
64.82762449979782,239271936,16.94
64.92798862047493,239271936,16.94
65.02840364165604,239271936,16.94
65.12880630232394,239665152,16.97
65.22917112149298,239665152,16.99
65.32957521267235,239665152,17.02
65.42987531423569,239665152,17.05
65.53033708408475,239927296,17.06
65.63067328371108,239927296,17.09
65.73130337707698,239927296,17.14
65.8316037170589,239927296,17.16
65.93199587613344,239927296,17.16
66.03341143392026,240320512,17.18
66.13608676940203,240320512,17.2
66.23648384958506,240320512,17.22
66.33727515488863,240320512,17.24
66.43780029378831,240320512,17.27
66.53824512660503,240713728,17.29
66.63864922709763,240713728,17.33
66.73911543749273,240713728,17.37
66.83949451893568,240713728,17.4
66.93996335752308,239026176,17.45
67.04031729884446,239288320,17.47
67.14068561792374,239288320,17.5
67.2411008104682,239288320,17.53
67.34145103953779,239288320,17.56
67.44196113198996,239288320,17.58
67.54236130230129,239681536,17.59
67.64272589422762,239681536,17.64
67.74321742355824,239681536,17.67
67.84364178590477,239681536,17.69
67.94410827383399,239681536,17.69
68.04464009776711,240074752,17.71
68.14510825835168,240074752,17.75
68.24554288759828,240074752,17.78
68.34589320980012,240074752,17.8
68.44629647955298,240074752,17.8
68.54677945189178,240467968,17.82
68.65040490217507,240467968,17.83
68.75079842284322,240467968,17.84
68.85124072432518,240467968,17.86
68.95241264998913,240467968,17.89
69.05288830958307,240730112,17.91
69.15332807227969,240730112,17.93
69.2536682318896,240730112,17.96
69.35519406944513,240730112,17.98
69.4566962979734,240730112,18.0
69.55711633898318,241123328,18.02
69.65771953947842,241123328,18.05
69.75818162225187,241123328,18.08
69.85858378186822,241123328,18.11
69.95898293145001,241123328,18.11
70.05931850150228,241385472,18.13
70.15966110303998,241385472,18.16
70.26027523353696,241385472,18.18
70.36098103784025,241385472,18.21
70.46215063333511,238977024,18.24
70.56261463463306,239239168,18.25
70.66304435394704,239239168,18.27
70.76338821463287,239239168,18.31
70.863983085379,239239168,18.34
70.96437052637339,239239168,18.39
71.06471191905439,239239168,18.42
71.165133908391,239239168,18.45
71.26549144648015,239108096,18.53
71.36586757749319,239108096,18.57
71.46686429344118,239108096,18.59
71.56772701628506,239501312,18.63
71.66808929853141,239501312,18.65
71.76851603761315,239501312,18.69
71.86887646652758,239501312,18.71
71.96930047869682,239501312,18.71
72.06965058855712,239763456,18.74
72.1700907703489,239763456,18.77
72.27046925760806,239763456,18.79
72.37085361033678,239763456,18.81
72.47132140211761,239763456,18.81
72.57163972966373,240025600,18.82
72.6720099505037,240025600,18.87
72.77240598201752,240025600,18.9
72.87274958193302,240025600,18.91
72.97321321256459,240025600,18.91
73.0735764335841,240418816,18.94
73.17404572293162,240418816,18.97
73.2744131423533,240418816,19.0
73.37482612393796,240418816,19.03
73.47529427707195,240418816,19.03
73.57570429705083,240812032,19.05
73.6761267259717,240812032,19.09
73.7764643765986,240812032,19.12
73.8773084692657,240812032,19.15
73.97777645103633,240812032,19.15
74.0782799012959,241074176,19.18
74.1793359965086,241074176,19.21
74.27965207770467,241074176,19.23
74.38004570640624,239058944,19.27
74.48049772903323,239058944,19.27
74.58090295828879,239321088,19.3
74.68150823935866,239321088,19.33
74.78249396570027,239321088,19.35
74.88299691677094,239321088,19.37
74.98337743617594,239321088,19.39
75.08411232940853,239714304,19.42
75.18445041775703,239714304,19.45
75.28478585742414,239714304,19.47
75.38514397852123,239714304,19.5
75.48561974987388,239714304,19.52
75.58598461002111,240107520,19.54
75.68635901995003,240107520,19.59
75.78677731007338,240107520,19.62
75.88718135096133,240107520,19.62
75.98759956285357,240107520,19.62
76.08809382282197,240369664,19.65
76.18849395401776,240369664,19.69
76.2888611946255,240369664,19.7
76.38932240381837,240369664,19.72
76.4897973164916,240369664,19.72
76.59017936699092,241025024,19.75
76.69058056548238,241156096,19.79
76.79095391742885,241156096,19.83
76.89136400818825,239513600,19.85
76.9918277785182,239513600,19.85
77.09227967076004,239775744,19.88
77.19266781024635,239775744,19.9
77.29314348101616,239775744,19.93
77.39402129501104,239775744,19.96
77.49442747421563,239775744,19.96
77.59479195438325,240168960,19.99
77.6951629333198,240168960,20.03
77.79551576450467,240168960,20.06
77.89601712673903,240168960,20.07
77.99642607569695,240168960,20.07
78.09682211652398,240562176,20.1
78.1973104774952,240562176,20.13
78.2976648453623,240562176,20.16
78.39813309907913,240562176,20.18
78.49849200993776,240562176,20.19
78.59908495098352,240955392,20.22
78.69946064054966,240955392,20.25
78.80037886463106,240955392,20.28
78.90084704570472,240955392,20.31
79.00126306526363,240955392,20.31
79.10335958562791,241217536,20.33
79.20378224551678,241217536,20.37
79.30451453104615,241217536,20.41
79.40484805963933,241217536,20.42
79.5052195303142,241217536,20.42
79.6057058814913,241610752,20.45
79.70613512210548,241610752,20.47
79.80649231187999,241610752,20.51
79.90696254372597,241610752,20.51
80.00736548192799,241610752,20.51
80.10791354440153,242003968,20.54
80.20830460637808,242003968,20.57
80.3086849860847,242003968,20.61
80.4091693945229,239554560,20.62
80.50962998531759,239554560,20.62
80.6100143454969,239947776,20.65
80.71042535826564,239947776,20.68
80.81081445887685,239947776,20.73
80.91118984855711,239947776,20.76
81.01155444793403,239947776,20.79
81.11358308978379,240209920,20.86
81.21451537497342,239595520,20.91
81.31512697413564,239595520,20.93
81.41547136567533,239595520,20.96
81.5158709269017,239595520,20.98
81.61730907298625,239857664,21.02
81.71797835454345,239857664,21.06
81.81833317503333,239857664,21.09
81.91868025436997,239857664,21.09
82.01937186531723,239857664,21.09
82.11974601820111,240250880,21.14
82.22018983773887,240250880,21.18
82.32051563821733,240250880,21.2
82.42097121104598,240250880,21.22
82.52139545790851,240250880,21.22
82.62178188934922,240513024,21.25
82.72220085933805,240513024,21.29
82.82261607050896,240513024,21.33
82.92298064939678,240513024,21.33
83.02346643060446,240513024,21.33
83.12385340034962,240906240,21.37
83.22426547110081,240906240,21.39
83.32490804232657,240906240,21.4
83.42527595348656,240906240,21.42
83.52629382535815,240906240,21.44
83.62666479870677,241299456,21.48
83.72719890996814,241299456,21.51
83.8275486100465,241299456,21.55
83.92804929055274,241299456,21.55
84.02941334620118,241692672,21.55
84.12978678569198,241692672,21.57
84.2306646592915,241692672,21.6
84.33110040985048,241692672,21.64
84.43142822012305,241692672,21.65
84.531758999452,239849472,21.67
84.63217332959175,239849472,21.7
84.73249170184135,239849472,21.73
84.832843080163,239849472,21.77
84.93328176252544,239849472,21.78
85.03361484222114,240242688,21.79
85.1340509429574,240242688,21.82
85.2344164121896,240242688,21.84
85.3347963616252,240242688,21.88
85.43526194244623,240242688,21.89
85.53568991459906,240635904,21.9
85.636115193367,240635904,21.93
85.73644406348467,240635904,21.97
85.836768893525,240635904,21.99
85.93722449429333,240635904,22.01
86.03763414360583,240898048,22.02
86.13810876384377,240898048,22.05
86.23939698934555,240898048,22.09
86.3397777825594,240898048,22.12
86.44020527228713,240898048,22.12
86.54060835391283,241160192,22.13
86.64099630154669,241160192,22.16
86.74147896282375,241160192,22.18
86.84188762307167,241160192,22.21
86.94226190447807,241160192,22.24
87.04269426129758,239759360,22.31
87.14329135417938,239759360,22.33
87.24372934550047,239759360,22.35
87.3445614296943,239759360,22.37
87.44494605995715,239759360,22.4
87.54544943012297,240152576,22.43
87.64587306044996,240152576,22.47
87.7463215906173,240152576,22.51
87.84669014252722,240152576,22.53
87.9471110124141,240152576,22.54
88.04842000827193,240545792,22.55
88.14878944866359,240545792,22.56
88.24949417077005,240545792,22.58
88.3499665223062,240545792,22.6
88.45042368210852,240545792,22.62
88.55082022212446,240939008,22.64
88.65123958140612,240939008,22.67
88.75228687562048,240939008,22.71
88.85271250642836,240939008,22.73
88.95317623019218,240939008,22.73
89.05368131771684,241201152,22.74
89.15410337038338,241201152,22.78
89.25513204373419,241201152,22.81
89.35550369508564,241201152,22.82
89.45592225342989,241201152,22.85
89.5563293043524,241594368,22.88
89.65669034607708,241594368,22.9
89.75706383399665,241594368,22.93
89.8576514068991,241594368,22.96
89.95821270532906,241594368,22.96
90.0586644988507,241987584,22.99
90.15951982140541,241987584,23.0
90.2600839715451,241987584,23.02
90.36115493625402,241987584,23.05
90.46146931871772,241987584,23.06
90.56209120899439,241987584,23.1
90.66246739774942,239861760,23.14
90.7630179785192,239861760,23.17
90.86331549845636,239861760,23.2
90.96641648560762,239861760,23.24
91.06701218895614,239861760,23.28
91.16742273047566,239861760,23.31
91.26787497848272,239599616,23.39
91.36831624060869,239599616,23.42
91.46864088997245,239599616,23.42
91.56899316981435,239861760,23.47
91.66935267858207,239861760,23.5
91.76972910948098,239861760,23.54
91.8701751306653,239861760,23.54
91.97058748267591,239861760,23.54
92.07105186209083,240254976,23.56
92.17141259089112,240254976,23.59
92.27181667089462,240254976,23.61
92.37234526127577,240254976,23.64
92.47276955470443,240254976,23.66
92.57317782193422,240517120,23.68
92.67362641356885,240517120,23.72
92.77400090172887,240517120,23.75
92.87447877414525,240517120,23.76
92.97483291476965,240517120,23.76
93.07528955489397,240910336,23.79
93.175656914711,240910336,23.83
93.27628223598003,240910336,23.87
93.37667057663202,240910336,23.88
93.4770932868123,240910336,23.88
93.5774695854634,241303552,23.9
93.67783032543957,241303552,23.94
93.77827525883913,241303552,23.98
93.87874383851886,241303552,23.99
93.97922411747277,241303552,23.99
94.08012870140374,241565696,24.02
94.18053209222853,241565696,24.05
94.28089820221066,241565696,24.09
94.38131621293724,239501312,24.12
94.48172877170146,239501312,24.12
94.58213912136853,239763456,24.15
94.68253756128252,239763456,24.17
94.7831020038575,239763456,24.21
94.88346225395799,239763456,24.24
94.98396369442344,239763456,24.24
95.08435273356736,240156672,24.26
95.1846709549427,240156672,24.29
95.28512397408485,240156672,24.31
95.38684757426381,240156672,24.32
95.48730229400098,240156672,24.35
95.58769856393337,240156672,24.37
95.688103094697,240549888,24.4
95.78936410136521,240549888,24.43
95.89027697406709,240549888,24.46
95.9906066134572,240549888,24.49
96.09099330194294,240943104,24.52
96.19140939414501,240943104,24.53
96.29174606129527,240943104,24.56
96.40286418609321,240943104,24.59
96.5032664053142,239542272,24.63
96.60371787846088,239804416,24.66
96.70413883589208,239804416,24.69
96.80444734543562,239804416,24.72
96.90483755618334,239804416,24.73
97.00529186613858,239804416,24.73
97.10731465741992,240197632,24.76
97.20771134831011,240197632,24.79
97.30813177861273,240197632,24.82
97.40855472907424,240197632,24.84
97.50905768759549,240197632,24.84
97.6094827298075,240590848,24.88
97.7098189778626,240590848,24.91
97.81018896773458,240590848,24.94
97.91056017763913,240590848,24.96
98.01107664220035,240590848,24.96
98.11179162189364,240852992,24.99
98.21229614131153,240852992,25.02
98.31299150548875,240852992,25.06
98.41340761445463,240852992,25.06
98.51379749365151,240852992,25.06
98.61436387710273,241246208,25.1
98.71472642570734,241246208,25.13
98.81532731838524,241246208,25.15
98.9157432988286,241246208,25.18
99.01618630811572,241246208,25.19
99.11660508811474,241639424,25.23
99.2171796374023,241639424,25.26
99.31753101013601,241639424,25.28
99.4179750494659,241639424,25.31
99.51838567107916,241639424,25.31
99.61878325790167,242032640,25.34
99.71914027072489,242032640,25.36
99.81958379037678,242032640,25.39
99.92000609077513,242032640,25.4
100.02044511027634,239575040,25.42
100.12081678025424,239837184,25.45
100.22121595963836,239837184,25.48
100.32154216989875,239837184,25.5
100.42218625172973,239837184,25.52
100.52250120230019,239837184,25.52
100.62283710949123,240230400,25.55
100.7232771012932,240230400,25.58
100.82383704185486,240230400,25.62
100.9242929816246,240230400,25.65
101.02460883185267,240230400,25.69
101.12599573843181,240623616,25.74
101.22630589827895,239575040,25.79
101.32671216875315,239575040,25.83
101.42733068950474,239575040,25.86
101.52771683782339,239575040,25.87
101.62891900539398,239837184,25.92
101.72941643558443,239837184,25.95
101.82978482544422,239837184,25.98
101.93024674616754,239837184,25.98
102.03064854629338,240099328,25.98
102.13111286610365,240099328,26.02
102.2315991576761,240099328,26.03
102.33205205760896,240099328,26.05
102.43245004676282,240099328,26.08
102.53285571746528,240492544,26.12
102.63328247889876,240492544,26.15
102.73365360870957,240492544,26.19
102.83421005867422,240492544,26.22
102.93577812612057,240492544,26.22
103.03637249022722,240885760,26.24
103.1367823574692,240885760,26.26
103.23711260594428,240885760,26.3
103.33742091804743,240885760,26.33
103.43840894289315,240885760,26.33
103.5388176701963,241147904,26.35
103.63924105092883,241147904,26.39
103.73957392945886,241147904,26.42
103.8400995824486,241147904,26.44
103.9404759015888,241147904,26.44
104.04264724440873,241541120,26.45
104.14311092346907,241541120,26.46
104.24347793497145,241541120,26.47
104.343855233863,241541120,26.49
104.44434871338308,241541120,26.52
104.54681361839175,239771648,26.54
104.64721468836069,239771648,26.58
104.74762332625687,239771648,26.61
104.84811152890325,239771648,26.64
104.94851275905967,239771648,26.64
105.04887282848358,240164864,26.67
105.14929457753897,240164864,26.69
105.25039416365325,240164864,26.72
105.35075589455664,240164864,26.75
105.4512107949704,240164864,26.76
105.55194233357906,240558080,26.78
105.65228834562004,240558080,26.81
105.75257714651525,240558080,26.85
105.85292191430926,240558080,26.88
105.95331015437841,240558080,26.88
106.0536733046174,240951296,26.9
106.1540971044451,240951296,26.93
106.25449209474027,240951296,26.96
106.3548309225589,240951296,26.98
106.45524286292493,240951296,27.0
106.55562243424356,241344512,27.01
106.65606490150094,241344512,27.05
106.75645248219371,241344512,27.08
106.85684877447784,241344512,27.11
106.95735793374479,239591424,27.15
107.05784259364009,239853568,27.17
107.15832019411027,239853568,27.19
107.25895540602505,239853568,27.21
107.35992844961584,239853568,27.24
107.46140674874187,239853568,27.26
107.56176481768489,239853568,27.29
107.66228411905468,240246784,27.31
107.76265640743077,240246784,27.33
107.86309632845223,240246784,27.35
107.96349506825209,240246784,27.39
108.06431367062032,240508928,27.4
108.1646558009088,240508928,27.43
108.26500122062862,240508928,27.47
108.36537454091012,240508928,27.48
108.4658031295985,240508928,27.48
108.56620197929442,240902144,27.5
108.66654443740845,240902144,27.53
108.76690083742142,240902144,27.56
108.86733877845109,240902144,27.59
108.96788332052529,240902144,27.59
109.06827108003199,241295360,27.61
109.16871880926192,241295360,27.63
109.26910202018917,241295360,27.65
109.36948345042765,241295360,27.68
109.46980391070247,241295360,27.71
109.57029758952558,241688576,27.73
109.67068514041603,241688576,27.76
109.77110281027853,241688576,27.79
109.87144641764462,241688576,27.82
109.97181876935065,241688576,27.82
110.07238830067217,241950720,27.85
110.17306031286716,241950720,27.87
110.27379445359111,241950720,27.88
110.37551149353385,241950720,27.9
110.47644267603755,241950720,27.92
110.57722543738782,241950720,27.93
110.67934172973037,241950720,27.96
110.77970435097814,239869952,27.98
110.88013094104826,239869952,28.01
110.98048895038664,239869952,28.03
111.08131154254079,239869952,28.04
111.18174262158573,239869952,28.06
111.2823121342808,239869952,28.07
111.38282034359872,239869952,28.08
111.48378345742822,239869952,28.1
111.58428627811372,239869952,28.11
111.68554738350213,239869952,28.12
111.78674012050033,239869952,28.13
111.88791830465198,239869952,28.13
111.98833184503019,239869952,28.13
112.09120872989297,239869952,28.13
112.19206131435931,239869952,28.16
112.2928450461477,239869952,28.16
112.39341257885098,239869952,28.17
112.49380881898105,239869952,28.18
112.59444301761687,239869952,28.19
112.69485055841506,239869952,28.21
112.79528376832604,239869952,28.22
112.89561084844172,239869952,28.24
112.99630337022245,239869952,28.25
113.09715890139341,239869952,28.25
113.1976115014404,239869952,28.27
113.29930306226015,239869952,28.27
113.39980876259506,239869952,28.28
113.50033717229962,240132096,28.34
113.60068007186055,239517696,28.36
113.7014666069299,239517696,28.37
113.8023288268596,239517696,28.38
113.90282307751477,239517696,28.39
114.00337753817439,239517696,28.42
114.10380464978516,239517696,28.44
114.2043656297028,239517696,28.44
114.30477463081479,239517696,28.46
114.4053494501859,239517696,28.47
114.50575574301183,239779840,28.49
114.60624328255653,239779840,28.51
114.70661760307848,239779840,28.52
114.80697019957006,239779840,28.55
114.90779372304678,239779840,28.56
115.00974728167057,239779840,28.58
115.11070538684726,239779840,28.59
115.21117193810642,239779840,28.61
115.31161668896675,239779840,28.62
115.41208514757454,239779840,28.63
115.51262153871357,239779840,28.65
115.61301593855023,240173056,28.67
115.71393025107682,240173056,28.68
115.81450284272432,240173056,28.69
115.91515347361565,240173056,28.71
116.01600882597268,240173056,28.73
116.11640793830156,240173056,28.74
116.21679902635515,240173056,28.76
116.31725254654884,240173056,28.77
116.41765893623233,240173056,28.79
116.51811877824366,240173056,28.81
116.61850554682314,240566272,28.84
116.71917337737978,240566272,28.85
116.81984500959516,240566272,28.88
116.92062500305474,240566272,28.9
117.02101989276707,240566272,28.91
117.12201736681163,240566272,28.94
117.22239392623305,240959488,28.96
117.32276914641261,240959488,28.99
117.42325395531952,240959488,29.01
117.52366494573653,240959488,29.04
117.6240859143436,240959488,29.06
117.72442513331771,241221632,29.09
117.8248860668391,241221632,29.11
117.9253862965852,241221632,29.13
118.0257796663791,241221632,29.16
118.12624966539443,241221632,29.18
118.22657666541636,241614848,29.21
118.32690129429102,241614848,29.24
118.42734688334167,241614848,29.27
118.52851586975157,241614848,29.29
118.62890467047691,239910912,29.33
118.72933911904693,239910912,29.35
118.82981421984732,239910912,29.38
118.9302309397608,239910912,29.4
119.03101023286581,239910912,29.42
119.13130152970552,240304128,29.45
119.23257508687675,240304128,29.46
119.33298416621983,240304128,29.47
119.4333542753011,240304128,29.48
119.53372313641012,240304128,29.5
119.63438668847084,240304128,29.53
119.73476677760482,240566272,29.55
119.83520353771746,240566272,29.57
119.93554200604558,240566272,29.6
120.03591210581362,240566272,29.62
120.13872840255499,240566272,29.63
120.23919881135225,240566272,29.65
120.33979222178459,240959488,29.66
120.44020140171051,240959488,29.67
120.54053198173642,240959488,29.69
120.6410057619214,240959488,29.71
120.74138621427119,240959488,29.73
120.84175934270024,240959488,29.76
120.94244460389018,241352704,29.8
121.04284586384892,241352704,29.82
121.14327647350729,241352704,29.84
121.24366018176079,241352704,29.87
121.34422158263624,239525888,29.95
121.44458945468068,239525888,29.98
121.54528786614537,239525888,30.0
121.64579450711608,239525888,30.02
121.7464300263673,239525888,30.05
121.84682199731469,239919104,30.08
121.94726134650409,239919104,30.12
122.04759143665433,239919104,30.15
122.14800789579749,239919104,30.17
122.24853037670255,240181248,30.19
122.34891322627664,240181248,30.22
122.44934380613267,240181248,30.25
122.54981318674982,240181248,30.27
122.65018559619784,240181248,30.29
122.75069212540984,240574464,30.32
122.85112768597901,240574464,30.33
122.95151363871992,240574464,30.36
123.05205692537129,240574464,30.37
123.15344270132482,240574464,30.38
123.25377621129155,240574464,30.4
123.35453487373888,240967680,30.42
123.4549214746803,240967680,30.44
123.5555335264653,240967680,30.46
123.65632439777255,240967680,30.48
123.75669883750379,240967680,30.5
123.8571473583579,240967680,30.51
123.95755506679416,241229824,30.54
124.05839679017663,241229824,30.57
124.15872420929372,241229824,30.59
124.25910318084061,241229824,30.62
124.35947106964886,241623040,30.66
124.4598477780819,241623040,30.69
124.56026215851307,241623040,30.73
124.66068769805133,241623040,30.76
124.76111616753042,239779840,30.79
124.86151939816773,239779840,30.82
124.96198012679815,239779840,30.85
125.06229489855468,239779840,30.88
125.16274469904602,239779840,30.9
125.26314617693424,239779840,30.92
125.36352251656353,239779840,30.95
125.46391015686095,239779840,30.98
125.5643061734736,239779840,31.01
125.66470149345696,239779840,31.04
125.76512979343534,239779840,31.07
125.86690428294241,270426112,31.14
125.9674921259284,321826816,31.25
126.06801431439817,240181248,31.37
126.16850357688963,240181248,31.39
126.26892472617328,240181248,31.4
126.3695374969393,240443392,31.44
126.4703429788351,240443392,31.47
126.5707897786051,240443392,31.5
126.67131404951215,240836608,31.54
126.77166439034045,240836608,31.57
126.87212578952312,240836608,31.6
126.9724902883172,241229824,31.64
127.07287106849253,241229824,31.67
127.17327207885683,241229824,31.71
127.27363372594118,241229824,31.73
127.37431153841317,241491968,31.77
127.47467229887843,241491968,31.81
127.57509857788682,241491968,31.84
127.67546740733087,241885184,31.89
127.77581538632512,241885184,31.93
127.87622110545635,241885184,31.96
127.97657382674515,242278400,32.01
128.07724916562438,242278400,32.04
128.17762046679854,242278400,32.08
128.27805358543992,240443392,32.13
128.3784446362406,240443392,32.15
128.47882194630802,240443392,32.19
128.57968165911734,240443392,32.22
128.6807760745287,240836608,32.26
128.78154393658042,240836608,32.29
128.8823607582599,240836608,32.32
128.98276102542877,240836608,32.34
129.08335882984102,241229824,32.38
129.1837227474898,241229824,32.4
129.28415736742318,241229824,32.41
129.38452334702015,241229824,32.43
129.48492807894945,241229824,32.46
129.58548746816814,241623040,32.5
129.68624672107399,241623040,32.53
129.78661628998816,241623040,32.56
129.88728029094636,241623040,32.58
129.9876544494182,241623040,32.6
130.08836880140007,240222208,32.67
130.18871214985847,240222208,32.69
130.28920750133693,240222208,32.71
130.38960607163608,240222208,32.73
130.49004449136555,240222208,32.75
130.5905047096312,240484352,32.79
130.69088294170797,240484352,32.83
130.79129488952458,240484352,32.86
130.89172469079494,240877568,32.9
130.9921558201313,240877568,32.94
131.09257630072534,241270784,32.98
131.19291321001947,241270784,33.01
131.29331042990088,241270784,33.03
131.3936833385378,241270784,33.06
131.4943006001413,241532928,33.11
131.59465051814914,241532928,33.14
131.6950985789299,241532928,33.18
131.79546538740396,241926144,33.22
131.89592701755464,241926144,33.25
131.99631226807833,241926144,33.28
132.09670589864254,241926144,33.3
132.1971687860787,242319360,33.33
132.29754616692662,242319360,33.33
132.3979731053114,242319360,33.35
132.49840594641864,242319360,33.36
132.598797256127,242319360,33.39
132.69955453835428,240484352,33.43
132.79991969838738,240484352,33.46
132.90033527836204,240484352,33.49
133.0006946157664,240484352,33.53
133.10121233575046,240877568,33.56
133.20157425664365,240877568,33.59
133.30197120644152,240877568,33.6
133.40241317451,240877568,33.63
133.5028516948223,240877568,33.67
133.60634493641555,241270784,33.72
133.70671345479786,240263168,33.78
133.80712145380676,240263168,33.83
133.90745514445007,240525312,33.87
134.00789879448712,240525312,33.91
134.10830359347165,240525312,33.94
134.20863618142903,240918528,33.97
134.30905140191317,240918528,34.0
134.4094840027392,240918528,34.03
134.51092923805118,240918528,34.06
134.61146925017238,241311744,34.09
134.71226017177105,241311744,34.12
134.81265543028712,241311744,34.15
134.91319279186428,241311744,34.19
135.0135224815458,241704960,34.22
135.11455315351486,241704960,34.26
135.21490403451025,241704960,34.3
135.31526719406247,241967104,34.33
135.41567580215633,241967104,34.36
135.51619326509535,241967104,34.4
135.61655178293586,242229248,34.44
135.71701734140515,242229248,34.45
135.81737140193582,242229248,34.48
135.91776304133236,242229248,34.51
136.01822654157877,240472064,34.55
136.11874093301594,240472064,34.58
136.21931453235447,240472064,34.61
136.3197507429868,240865280,34.66
136.4201755821705,240865280,34.69
136.52051054127514,240865280,34.73
136.62089088000357,241258496,34.77
136.72135830111802,241258496,34.79
136.8216907195747,241258496,34.82
136.9221667703241,241651712,34.86
137.02265064045787,241651712,34.9
137.12300185859203,241651712,34.94
137.23050988651812,241913856,34.96
137.33091564662755,241913856,34.99
137.43135640583932,241913856,35.03
137.5317179057747,241913856,35.06
137.63210829347372,240259072,35.14
137.73287649825215,240259072,35.17
137.8333285190165,240521216,35.22
137.93371478654444,240521216,35.26
138.0345123372972,240521216,35.3
138.1363496184349,240914432,35.34
138.23677160590887,240914432,35.37
138.3371511567384,240914432,35.39
138.4378736577928,240914432,35.41
138.53831947781146,240914432,35.44
138.63867714628577,241307648,35.48
138.73909362591803,241307648,35.52
138.8394245263189,241307648,35.55
138.93981672637165,241307648,35.55
139.04023834504187,241700864,35.56
139.14063456468284,241700864,35.6
139.2411063350737,241700864,35.62
139.34164328686893,241700864,35.65
139.4420579150319,241700864,35.68
139.54238293133676,241963008,35.7
139.64271683245897,241963008,35.73
139.74317878298461,241963008,35.76
139.84352748282254,241963008,35.79
139.94394391030073,241963008,35.8
140.0443444699049,242356224,35.82
140.14472820982337,242356224,35.85
140.2451752703637,242356224,35.89
140.34567862935364,242356224,35.9
140.4462845697999,242356224,35.92
140.54666138999164,240562176,35.93
140.64715998061,240562176,35.96
140.74755471013486,240562176,35.99
140.8479191698134,240562176,36.03
140.94830871000886,240562176,36.06
141.04860997758806,240562176,36.1
141.1489407774061,240824320,36.17
141.2493344154209,240218112,36.21
141.34970037452877,240218112,36.24
141.45019647665322,240218112,36.25
141.55136306025088,240611328,36.29
141.65220222249627,240611328,36.32
141.75263680145144,240611328,36.35
141.8529778327793,240611328,36.39
141.95335952937603,240611328,36.4
142.05367511883378,240873472,36.42
142.154320102185,240873472,36.45
142.25514967367053,240873472,36.47
142.35573914460838,240873472,36.49
142.45679709874094,240873472,36.51
142.55724326893687,241266688,36.54
142.65761281736195,241266688,36.57
142.75793839618564,241266688,36.61
142.8583306055516,241266688,36.62
142.95873594656587,241266688,36.62
143.05913518555462,241528832,36.63
143.15945513360202,241528832,36.67
143.25980738177896,241528832,36.7
143.360228382051,241528832,36.73
143.46068931370974,241528832,36.73
143.5610974021256,241922048,36.74
143.66191053390503,241922048,36.77
143.76231512241066,241922048,36.79
143.86265674233437,241922048,36.81
143.96320815384388,241922048,36.81
144.06359101459384,242315264,36.84
144.16410164162517,242315264,36.85
144.2644220329821,242315264,36.88
144.3647894896567,240279552,36.92
144.46518138051033,240279552,36.92
144.56576885282993,240541696,36.94
144.66612897068262,240541696,36.97
144.76643939875066,240541696,37.0
144.86678214743733,240541696,37.02
144.96727085858583,240541696,37.02
145.0676703583449,240934912,37.05
145.16814471781254,240934912,37.09
145.268563458696,240934912,37.13
145.36914009787142,240934912,37.15
145.46956653892994,240934912,37.15
145.56997153908014,241328128,37.17
145.67036804556847,241328128,37.21
145.77090857736766,241328128,37.24
145.8713481668383,241328128,37.27
145.971703896299,241328128,37.27
146.07216946594417,241590272,37.29
146.17255763337016,241590272,37.33
146.2729930859059,241590272,37.36
146.3733377829194,241590272,37.38
146.4737314414233,241590272,37.38
146.5742023549974,241983488,37.4
146.67465416155756,241983488,37.44
146.77508029341698,241983488,37.45
146.8768557626754,241983488,37.5
146.9773424025625,240230400,37.51
147.07794526219368,240492544,37.54
147.17840567231178,240492544,37.55
147.27882684208453,240492544,37.58
147.37927100993693,240492544,37.6
147.47960893809795,240492544,37.61
147.5799962989986,240885760,37.64
147.6804818380624,240885760,37.68
147.78166760504246,240885760,37.7
147.88252495601773,240885760,37.73
147.98323482833803,240885760,37.74
148.08353942632675,241278976,37.76
148.18415046855807,241278976,37.79
148.2845198456198,241278976,37.82
148.38518908806145,241278976,37.86
148.48560331761837,241278976,37.86
148.58618247881532,241672192,37.88
148.68701952137053,241672192,37.92
148.78813086636364,241672192,37.95
148.8885107859969,241672192,37.98
148.98901869356632,241672192,37.98
149.08933998271823,242065408,38.0
149.18973897211254,242065408,38.03
149.29104295745492,242065408,38.05
149.39137736707926,242065408,38.08
149.49182614684105,242065408,38.1
149.5925581175834,242327552,38.14
149.692941037938,242327552,38.16
149.79332677833736,242327552,38.18
149.89367663487792,242327552,38.21
149.9943845588714,242327552,38.22
150.09478609636426,242720768,38.25
150.1952562853694,242720768,38.28
150.2956020962447,242720768,38.31
150.3959967661649,240320512,38.34
150.4963439051062,240320512,38.34
150.59665497206151,240582656,38.37
150.69700982235372,240582656,38.4
150.79744842275977,240582656,38.43
150.89785660989583,240582656,38.47
150.99854242242873,240582656,38.51
151.0989493895322,240582656,38.55
151.19941095262766,240279552,38.63
151.2997829001397,240279552,38.67
151.4002139698714,240279552,38.69
151.50068658031523,240279552,38.71
151.60110731050372,240541696,38.74
151.70147585868835,240541696,38.77
151.8017918188125,240541696,38.8
151.90226983837783,240541696,38.8
152.00269516557455,240541696,38.8
152.1031069662422,240934912,38.83
152.2035081665963,240934912,38.86
152.30384723469615,240934912,38.89
152.4042757935822,240934912,38.91
152.50464041344821,240934912,38.91
152.60494944266975,241328128,38.94
152.7053246218711,241328128,38.96
152.80575535073876,241328128,38.99
152.9061393495649,241328128,39.01
153.00643535889685,241328128,39.01
153.10684950836003,241721344,39.05
153.20753679051995,241721344,39.08
153.30790662765503,241721344,39.11
153.40830275788903,241721344,39.14
153.50869781896472,241721344,39.14
153.60947065986693,241983488,39.17
153.7098446674645,241983488,39.2
153.81020551733673,241983488,39.23
153.91061078570783,241983488,39.25
154.0111826080829,241983488,39.25
154.1117776390165,242245632,39.27
154.2122009266168,242245632,39.29
154.31263190694153,242245632,39.32
154.41364422999322,242245632,39.34
154.51406615041196,242245632,39.37
154.6144313979894,240492544,39.41
154.71480880863965,240492544,39.42
154.81552637927234,240492544,39.45
154.9159331973642,240492544,39.47
155.0163575578481,240492544,39.5
155.11673155799508,240885760,39.54
155.21717921830714,240885760,39.55
155.31771584786475,240885760,39.57
155.4181092865765,240885760,39.6
155.5184788070619,240885760,39.63
155.61883869580925,241278976,39.65
155.71942032687366,241278976,39.68
155.81980502419174,241278976,39.7
155.92017367482185,241278976,39.72
156.0205003414303,241278976,39.73
156.12155623547733,241278976,39.73
156.2219682559371,241672192,39.76
156.322383986786,241672192,39.78
156.42279563471675,241672192,39.81
156.52324149385095,241672192,39.83
156.62870047800243,240320512,39.9
156.7291661258787,240320512,39.93
156.82950124703348,240320512,39.95
156.92985087446868,240320512,39.98
157.03026004508138,240582656,40.01
157.13066246174276,240582656,40.05
157.23111156187952,240582656,40.08
157.33149775490165,240582656,40.11
157.43190995045006,240582656,40.13
157.53254332207143,240975872,40.14
157.63287008181214,240975872,40.17
157.7332631200552,240975872,40.21
157.83359890058637,240975872,40.24
157.9340667296201,240975872,40.24
158.0344995893538,241369088,40.24
158.135187510401,241369088,40.28
158.23555590957403,241369088,40.31
158.33598403818905,241369088,40.34
158.43654442578554,241369088,40.36
158.5369106773287,241631232,40.36
158.63731453754008,241631232,40.41
158.73769154585898,241631232,40.45
158.83856364898384,241631232,40.47
158.93895195797086,241631232,40.47
159.03937317803502,242024448,40.48
159.13973716646433,242024448,40.5
159.24016497656703,242024448,40.52
159.34077043645084,242024448,40.54
159.44123100675642,242024448,40.57
159.54171345569193,242024448,40.6
159.64220702648163,242417664,40.63
159.74263608641922,242417664,40.64
159.84318811632693,242417664,40.67
159.94383687712252,242417664,40.7
160.0442786961794,240664576,40.73
160.14461107365787,240664576,40.75
160.24494993500412,240664576,40.77
160.34545897506177,240664576,40.8
160.4458613023162,240664576,40.84
160.54631920158863,240926720,40.85
160.6466984823346,240926720,40.88
160.74711404182017,240926720,40.89
160.8474718015641,240926720,40.91
160.94781587831676,240926720,40.95
161.0481805689633,240926720,40.98
161.14866527728736,240926720,41.02
161.24912583827972,241319936,41.09
161.34987537935376,240328704,41.13
161.45021881908178,240328704,41.16
161.5505478065461,240590848,41.21
161.65088389627635,240590848,41.25
161.75130469352007,240590848,41.29
161.85166985355318,240590848,41.31
161.95212896168232,240590848,41.31
162.0525336228311,240984064,41.32
162.15291339345276,240984064,41.35
162.2534249946475,240984064,41.37
162.35379802249372,240984064,41.4
162.4543887116015,240984064,41.41
162.55480237305164,241246208,41.46
162.65536906197667,241246208,41.5
162.75591191276908,241246208,41.52
162.8563882727176,241246208,41.55
162.95675687864423,241246208,41.56
163.0572075806558,241639424,41.58
163.15758405067027,241639424,41.6
163.25793056748807,241639424,41.63
163.3586299493909,241639424,41.66
163.458969226107,241639424,41.66
163.55931623652577,242032640,41.68
163.66013750061393,242032640,41.72
163.76068630069494,242032640,41.76
163.86111359857023,242032640,41.77
163.9615059774369,242032640,41.77
164.06186275742948,242294784,41.79
164.16224350593984,242294784,41.82
164.26261460594833,242294784,41.83
164.36301621422172,242294784,41.85
164.46329878270626,240279552,41.87
164.56367385201156,240541696,41.89
164.6641824617982,240541696,41.92
164.76449994929135,240541696,41.95
164.86482033878565,240541696,41.97
164.96544143930078,240541696,41.97
165.06580337882042,240934912,41.99
165.166229467839,240934912,42.02
165.2666358668357,240934912,42.04
165.3670521862805,240934912,42.07
165.467438634485,240934912,42.09
165.5677762441337,241328128,42.11
165.6688021775335,241328128,42.15
165.76923904754221,241328128,42.18
165.86954784579575,241328128,42.2
165.96997230686247,241328128,42.2
166.07042914442718,241590272,42.23
166.170787634328,241590272,42.26
166.2712126430124,241590272,42.3
166.37156029231846,241590272,42.31
166.47200557030737,241590272,42.31
166.57267258130014,241983488,42.34
166.6730459816754,241983488,42.36
166.7734104692936,241983488,42.39
166.87382118962705,241983488,42.42
166.97421069815755,240230400,42.47
167.07515338994563,240492544,42.5
167.1755413096398,240492544,42.52
167.2758800778538,240492544,42.55
167.37630715034902,240492544,42.58
167.47759447433054,240492544,42.59
167.5779830534011,240885760,42.62
167.6783423628658,240885760,42.66
167.77872618101537,240885760,42.68
167.8790913503617,240885760,42.71
167.97943088971078,240885760,42.71
168.0799368787557,241278976,42.74
168.1804820485413,241278976,42.78
168.28130857087672,241278976,42.81
168.3816286381334,241278976,42.84
168.48205091804266,241278976,42.84
168.58239940553904,241672192,42.86
168.68275760672987,241672192,42.87
168.78316100686789,241672192,42.9
168.88355540670455,241672192,42.92
168.98392056301236,241672192,42.92
169.084356572479,242065408,42.95
169.18485559150577,242065408,42.98
169.28523180261254,242065408,43.0
169.38563586957753,242065408,43.02
169.48609021864831,242065408,43.02
169.58640130609274,242327552,43.05
169.68673577532172,242327552,43.08
169.78713299706578,242327552,43.1
169.8875461667776,242327552,43.13
169.98796906508505,242327552,43.13
170.08834861405194,242589696,43.15
170.18882731348276,242589696,43.16
170.28936941362917,242589696,43.19
170.3897478748113,242589696,43.19
170.4903766233474,242589696,43.21
170.59140786528587,242589696,43.24
170.69172607548535,240582656,43.27
170.79215051420033,240582656,43.29
170.8926790934056,240582656,43.3
170.99312729388475,240582656,43.31
171.09354357421398,240582656,43.33
171.1941237822175,240582656,43.35
171.2945043835789,240582656,43.38
171.3949373718351,240582656,43.4
171.49545252136886,240582656,43.42
171.59585540927947,240582656,43.43
171.69623683020473,240582656,43.46
171.7965708374977,240582656,43.47
171.89695312827826,240582656,43.49
171.99785803072155,240582656,43.5
172.09843900986016,240582656,43.51
172.19957652688026,240582656,43.53
172.29991261474788,240582656,43.53
172.40186939388514,240975872,43.58
172.50329161807895,240328704,43.61
172.604398034513,240328704,43.63
172.70511215366423,240328704,43.64
172.80621897801757,240328704,43.65
172.90673143789172,240328704,43.67
173.00741625763476,240328704,43.68
173.1082612425089,240328704,43.7
173.20861656963825,240328704,43.71
173.31013668701053,240328704,43.73
173.4104424547404,240328704,43.75
173.51089018397033,240328704,43.76
173.611520325765,240590848,43.78
173.7141516301781,240590848,43.8
173.81458378769457,240590848,43.82
173.91509374789894,240590848,43.84
174.01550621911883,240590848,43.85
174.11591396667063,240590848,43.85
174.21632682532072,240590848,43.87
174.3167416062206,240590848,43.87
174.41769756563008,240590848,43.88
174.51865828968585,240590848,43.9
174.619376629591,240590848,43.91
174.7220747768879,240590848,43.91
174.8225834351033,240984064,43.93
174.92321240529418,240984064,43.95
175.02437170036137,240984064,43.96
175.12489440105855,240984064,43.97
175.2253052983433,240984064,43.98
175.32570803910494,240984064,43.99
175.42618669755757,240984064,44.01
175.52678204886615,240984064,44.02
175.6273424308747,240984064,44.02
175.72809500992298,240984064,44.03
175.82955116592348,240984064,44.05
175.9299994558096,240984064,44.06
176.03058123588562,240984064,44.08
176.1317825000733,241377280,44.1
176.23223515972495,241377280,44.13
176.33262461051345,241377280,44.14
176.43383297510445,241377280,44.16
176.53426248207688,241377280,44.17
176.63465316221118,241377280,44.19
176.73507224954665,241377280,44.21
176.83548681810498,241639424,44.25
176.93587128818035,241639424,44.27
177.03633209876716,241639424,44.29
177.13738264143467,241639424,44.32
177.23781187087297,241639424,44.33
177.33843897096813,241639424,44.36
177.43885797075927,241901568,44.4
177.5392641108483,241901568,44.43
177.63962150737643,241901568,44.46
177.73993142694235,242294784,44.5
177.84029720537364,242294784,44.54
177.94060896337032,242294784,44.57
178.0409250818193,240541696,44.62
178.1413160301745,240541696,44.66
178.24168439023197,240934912,44.7
178.3421696703881,240934912,44.73
178.44255423732102,240934912,44.75
178.54284822568297,241328128,44.79
178.64320806600153,241328128,44.81
178.74368123337626,241328128,44.86
178.8442347869277,241590272,44.89
178.94458843395114,241590272,44.92
179.0448902118951,241590272,44.96
179.14529074169695,241983488,44.99
179.24599563330412,241983488,45.02
179.34641397185624,241983488,45.05
179.44730319455266,242376704,45.12
179.547675633803,240365568,45.16
179.64809171296656,240365568,45.19
179.74848016165197,240627712,45.24
179.8488941397518,240627712,45.28
179.94931101053953,240627712,45.31
180.04967793822289,241020928,45.36
180.15005868673325,241020928,45.4
180.25077117048204,241020928,45.43
180.35120076686144,241414144,45.47
180.45157102681696,241414144,45.51
180.55190706439316,241414144,45.54
180.65250192582607,241938432,45.59
180.75288997404277,241938432,45.61
180.8532580230385,241938432,45.64
180.95534169487655,242200576,45.67
181.05630640685558,242200576,45.71
181.15663087368011,242200576,45.73
181.25709858350456,242200576,45.75
181.35748967155814,242200576,45.76
181.45785892196,242593792,45.79
181.55827965028584,242593792,45.81
181.65878735110164,242593792,45.84
181.7591907698661,242593792,45.87
181.8595864083618,240791552,45.89
181.96040897071362,240791552,45.93
182.06080735102296,240791552,45.96
182.16125646792352,240791552,45.99
182.2619431372732,240791552,46.01
182.36231961846352,240791552,46.04
182.46266266703606,240791552,46.07
182.56322319805622,240791552,46.12
182.66357455588877,240791552,46.15
182.7645084876567,240791552,46.18
182.86631945893168,241184768,46.23
182.966708406806,240529408,46.28
183.06715676560998,240529408,46.31
183.1676411535591,240529408,46.34
183.26958389393985,240922624,46.38
183.37010088190436,240922624,46.41
183.47068309411407,240922624,46.45
183.57117806188762,240922624,46.48
183.67149164155126,241184768,46.52
183.77220774255693,241184768,46.56
183.8733531255275,241184768,46.6
183.97370707429945,241446912,46.65
184.07408442348242,241446912,46.69
184.17441657185555,241840128,46.73
184.2747548930347,241840128,46.77
184.37512521073222,241840128,46.8
184.4754140675068,241840128,46.83
184.57573047839105,241840128,46.83
184.67609589360654,242233344,46.86
184.77645457349718,242233344,46.88
184.87688500247896,242626560,46.92
184.97842843085527,242626560,46.94
185.07875388860703,242626560,46.96
185.1804864667356,242626560,46.98
185.28081319481134,240807936,47.03
185.38119551353157,240807936,47.06
185.48150640167296,240807936,47.11
185.58185446076095,241201152,47.15
185.6822907589376,241201152,47.19
185.78270439058542,241201152,47.22
185.88329435884953,241594368,47.26
185.98366151750088,241594368,47.3
186.08410011790693,241594368,47.34
186.18448712676764,241856512,47.39
186.28522910550237,241856512,47.42
186.38557918556035,241856512,47.46
186.48589998297393,241856512,47.46
186.58629629388452,242249728,47.5
186.68664173036814,242249728,47.54
186.78696087002754,240537600,47.61
186.8873195387423,240537600,47.61
186.9877339862287,240537600,47.61
187.08811269700527,240799744,47.63
187.18852393701673,240799744,47.67
187.2888983245939,240799744,47.7
187.38932011462748,240799744,47.72
187.48977489210665,240799744,47.72
187.59038335457444,241192960,47.75
187.69077465310693,241192960,47.78
187.7913401722908,241192960,47.81
187.8917055092752,241192960,47.81
187.9920808505267,241192960,47.81
188.09244680777192,241455104,47.84
188.192796215415,241455104,47.86
188.29319865629077,241455104,47.91
188.39362279511988,241455104,47.92
188.49414251372218,241455104,47.92
188.5944740343839,241848320,47.96
188.69491255283356,241848320,47.99
188.7952580228448,241848320,48.03
188.89560610987246,241848320,48.03
188.99601655825973,241848320,48.03
189.09637156873941,242241536,48.06
189.1972306277603,242241536,48.1
189.29758896678686,242241536,48.13
189.39800930581987,242241536,48.15
189.49939917959273,242241536,48.15
189.59977705031633,242634752,48.18
189.7001061104238,242634752,48.2
189.80044933781028,242634752,48.23
189.90156926959753,242634752,48.24
190.00198213011026,242634752,48.27
190.10233513824642,243027968,48.3
190.20270164869726,243027968,48.33
190.30318830534816,243027968,48.34
190.40359303541481,243027968,48.37
190.50393568351865,240611328,48.41
190.60427975468338,240873472,48.43
190.70470145344734,240873472,48.46
190.80532445386052,240873472,48.48
190.9063628166914,240873472,48.5
191.0083610061556,240873472,48.54
191.10938173905015,240873472,48.56
191.20977161824703,240873472,48.58
191.31021991558373,240873472,48.59
191.410619456321,240873472,48.62
191.51104698702693,240873472,48.65
191.61149442195892,241266688,48.71
191.71185715310276,240611328,48.75
191.81248816289008,240611328,48.75
191.91285060159862,240611328,48.77
192.01332738995552,240611328,48.8
192.11370076984167,240873472,48.83
192.21411962807178,240873472,48.85
192.31449570693076,240873472,48.88
192.41485295630991,240873472,48.91
192.5152901057154,241135616,48.96
192.61576389335096,241135616,48.99
192.71642103418708,241135616,49.03
192.81686039455235,241528832,49.06
192.917225131765,241528832,49.1
193.01758164167404,241528832,49.14
193.11800510063767,241922048,49.18
193.21851452998817,241922048,49.21
193.31888768821955,241922048,49.24
193.41933241859078,241922048,49.27
193.51982262544334,241922048,49.29
193.62020420655608,242315264,49.33
193.7206165138632,242315264,49.36
193.82099895365536,242315264,49.39
193.92140612192452,242315264,49.4
194.02178820036352,242315264,49.4
194.12355791777372,242708480,49.44
194.2239061575383,242708480,49.46
194.32431773655117,242708480,49.48
194.4246525745839,242708480,49.51
194.52528478577733,240603136,49.53
194.62564409337938,240865280,49.58
194.72608271427453,240865280,49.62
194.8269017841667,240865280,49.65
194.92739966511726,240865280,49.65
195.0277866013348,240865280,49.65
195.12816912308335,241258496,49.69
195.22855515033007,241258496,49.71
195.32909804955125,241258496,49.72
195.43094357848167,241258496,49.75
195.53132640570402,241651712,49.75
195.63165129348636,241651712,49.79
195.73205252364278,241651712,49.83
195.8324093222618,241651712,49.86
195.93280128203332,241651712,49.86
196.03327855095267,241913856,49.87
196.1337383799255,241913856,49.9
196.23423645086586,241913856,49.93
196.33461053855717,241913856,49.96
196.43509782850742,241913856,49.99
196.53630932979286,242176000,50.0
196.6367449425161,242176000,50.03
196.73718178085983,242176000,50.05
196.83755365759134,242176000,50.09
196.93810407817364,240513024,50.15
197.03851511888206,240775168,50.16
197.1391578875482,240775168,50.19
197.2396667059511,240775168,50.21
197.34011416696012,240775168,50.24
197.44052020646632,240775168,50.26
197.5408882945776,241168384,50.3
197.64133542217314,241168384,50.33
197.74172214977443,241168384,50.37
197.84215370938182,241168384,50.4
197.94253238104284,241168384,50.4
198.04290594905615,241561600,50.41
198.14333856850863,241561600,50.44
198.24375792592764,241561600,50.47
198.34418383426964,241561600,50.51
198.44487871602178,241561600,50.51
198.54530558362603,241954816,50.53
198.64565935358405,241954816,50.55
198.7460998315364,241954816,50.59
198.8465269897133,241954816,50.6
198.94691131077707,241954816,50.6
199.04812165163457,242216960,50.62
199.14847904257476,242216960,50.65
199.24900059215724,242216960,50.69
199.3494066428393,242216960,50.7
199.44978591054678,242216960,50.7
199.55022084899247,242610176,50.72
199.65060462616384,242610176,50.75
199.75095318630338,242610176,50.78
199.8513762652874,242610176,50.82
199.95177500508726,242610176,50.82
200.05212409235537,243003392,50.83
200.1524933502078,243003392,50.87
200.2533297613263,243003392,50.9
200.35379099100828,243003392,50.93
200.45417075045407,240545792,50.94
200.5545443110168,240939008,50.95
200.65496112778783,240939008,50.98
200.7553641665727,240939008,51.01
200.8560965973884,240939008,51.05
200.95641419664025,240939008,51.08
201.0567297451198,240939008,51.12
201.16278216987848,240676864,51.19
201.263238158077,240676864,51.23
201.36359349824488,240676864,51.26
201.46424723789096,240676864,51.28
201.56474317796528,240939008,51.32
201.66511628590524,240939008,51.35
201.76565401814878,240939008,51.39
201.86619518697262,240939008,51.39
201.9665998853743,240939008,51.39
202.06692234240472,241201152,51.42
202.1673056613654,241201152,51.45
202.26791757158935,241201152,51.47
202.36842671222985,241201152,51.48
202.46874161064625,241201152,51.49
202.56952306069434,241594368,51.52
202.6698945108801,241594368,51.54
202.77032583020627,241594368,51.57
202.87066014669836,241594368,51.6
202.97102409414947,241594368,51.6
203.07146260142326,241856512,51.61
203.17187099158764,241856512,51.64
203.27229606173933,241856512,51.68
203.37269010208547,241856512,51.7
203.4730801898986,241856512,51.7
203.57351771742105,242249728,51.72
203.67389144562185,242249728,51.76
203.77444154582918,242249728,51.8
203.8748512659222,242249728,51.81
203.97533586621284,242249728,51.81
204.07572002150118,242642944,51.83
204.17611629143357,242642944,51.88
204.27678206190467,242642944,51.91
204.37720937281847,240537600,51.93
204.47755883075297,240537600,51.93
204.57795538939536,240799744,51.96
204.67831675894558,240799744,51.99
204.77866633608937,240799744,52.03
204.87937091849744,240799744,52.04
204.98068614304066,240799744,52.04
205.0810701381415,241192960,52.07
205.1819980815053,241192960,52.08
205.28238980285823,241192960,52.11
205.38276741094887,241192960,52.14
205.48318231850863,241192960,52.17
205.58356094546616,241455104,52.19
205.6840175744146,241455104,52.24
205.78439751453698,241455104,52.27
205.88480090163648,241455104,52.27
205.98529912158847,241455104,52.27
206.08580231294036,241848320,52.31
206.1862457897514,241848320,52.34
206.286579137668,241848320,52.37
206.38700308836997,240529408,52.44
206.48746282607317,240529408,52.44
206.58785283379257,240791552,52.47
206.68828779459,240791552,52.5
206.7887325230986,240791552,52.55
206.88921223394573,240791552,52.55
206.98962387256324,240791552,52.55
207.09001788310707,241184768,52.58
207.19037687033415,241184768,52.61
207.29079251736403,241184768,52.64
207.39117927849293,241184768,52.66
207.4915294535458,241184768,52.66
207.5919020548463,241577984,52.7
207.69233215227723,241577984,52.71
207.7926574498415,241577984,52.75
207.8930849581957,241577984,52.75
207.9934279564768,241577984,52.75
208.09379207529128,241971200,52.78
208.19419828429818,241971200,52.81
208.2945769019425,241971200,52.85
208.3950120229274,241971200,52.86
208.4954221099615,241971200,52.86
208.595912957564,242233344,52.88
208.69633695855737,242233344,52.92
208.79668331891298,242233344,52.95
208.89715329371393,242233344,52.98
208.9975543934852,242233344,52.98
209.0984715782106,242626560,53.0
209.19880841486156,242626560,53.03
209.29917094483972,242626560,53.06
209.39961134269834,242626560,53.09
209.5000931508839,242626560,53.09
209.60048368014395,243019776,53.12
209.70104837045074,243019776,53.16
209.80163379013538,243019776,53.19
209.9022689498961,240603136,53.21
210.00274475105107,240603136,53.21
210.10317938774824,240865280,53.24
210.2035758253187,240865280,53.26
210.30400647595525,240865280,53.29
210.4052363205701,240865280,53.31
210.50565442815423,240865280,53.34
210.60610995814204,241258496,53.36
210.70773985423148,241258496,53.39
210.80963293462992,241258496,53.41
210.9100078716874,241258496,53.45
211.01075380295515,241258496,53.47
211.11118303239346,241258496,53.49
211.21158445067704,241258496,53.51
211.31195433810353,241258496,53.54
211.41238051839173,240603136,53.62
211.5127336345613,240603136,53.65
211.6131232138723,240603136,53.68
211.71350203454494,240603136,53.7
211.8139401115477,240865280,53.73
211.91430852934718,240865280,53.76
212.01469415798783,240865280,53.8
212.11535343900323,241258496,53.84
212.2157081887126,241258496,53.86
212.31614589877427,241258496,53.89
212.4165441468358,241258496,53.92
212.51692180149257,241258496,53.93
212.61756579391658,241651712,53.96
212.71799200214446,241651712,53.99
212.81886280700564,241651712,54.02
212.91930457390845,241651712,54.05
213.01970871165395,241651712,54.05
213.12022682279348,241913856,54.08
213.22056584991515,241913856,54.11
213.32096143066883,241913856,54.14
213.42136754654348,241913856,54.16
213.52183404564857,241913856,54.16
213.62256482616067,242307072,54.19
213.7229095865041,242307072,54.22
213.82334082387388,242307072,54.26
213.92368147149682,242307072,54.26
214.02412204258144,242307072,54.26
214.1248791422695,242569216,54.3
214.2252912595868,242569216,54.31
214.32574103958905,242569216,54.34
214.42636845074594,242569216,54.36
214.5267230682075,242569216,54.38
214.62720484659076,240820224,54.42
214.72760979644954,240820224,54.44
214.82806155458093,240820224,54.47
214.92861062660813,240820224,54.5
215.02924628555775,240820224,54.53
215.12976336479187,241213440,54.57
215.2303145043552,241213440,54.59
215.33072784170508,241213440,54.6
215.43118637241423,241213440,54.62
215.5315821301192,241606656,54.64
215.63197303004563,241606656,54.68
215.73238157853484,241606656,54.7
215.83284347876906,241606656,54.73
215.9338404778391,241606656,54.73
216.0365605223924,241999872,54.73
216.13719298131764,241999872,54.77
216.2375291530043,241999872,54.8
216.33791525103152,241999872,54.82
216.43831783905625,241999872,54.86
216.53882172890007,242262016,54.88
216.63927101902664,242262016,54.92
216.73975846543908,242262016,54.95
216.84028882533312,242262016,54.98
216.94065254367888,240508928,55.04
217.04117584228516,240771072,55.06
217.14178288169205,240771072,55.1
217.24219239130616,240771072,55.13
217.34255186095834,240771072,55.16
217.4429384674877,240771072,55.16
217.54332765750587,241164288,55.18
217.64364183694124,241164288,55.22
217.74399741366506,241164288,55.25
217.8443736527115,241164288,55.27
217.9446969293058,241164288,55.27
218.04520601779222,241557504,55.28
218.14556804671884,241557504,55.32
218.24596941657364,241557504,55.35
218.3464100267738,241557504,55.37
218.4467994235456,241557504,55.37
218.547236751765,241950720,55.39
218.64762414246798,241950720,55.42
218.74892063438892,241950720,55.46
218.84931294433773,241950720,55.49
218.9497039746493,241950720,55.49
219.05020052194595,242343936,55.5
219.1506537310779,242343936,55.53
219.2511420007795,242343936,55.55
219.35155485011637,242343936,55.57
219.4520946573466,242343936,55.59
219.55252208560705,242606080,55.6
219.6529134158045,242606080,55.63
219.75333062373102,242606080,55.67
219.8539547137916,242606080,55.68
219.9543776344508,242606080,55.68
220.05473230220377,242868224,55.69
220.15547386184335,242868224,55.72
220.2559511307627,242868224,55.75
220.35639044083655,242868224,55.78
220.45683621801436,240521216,55.81
220.55811059474945,240914432,55.82
220.65848555229604,240914432,55.85
220.7589372396469,240914432,55.88
220.8593017179519,240914432,55.91
220.9597234185785,240914432,55.95
221.06015935726464,240914432,55.98
221.16056367382407,240914432,56.01
221.26474701799452,241307648,56.06
221.3651220370084,240619520,56.1
221.46544396691024,240619520,56.15
221.56575756147504,240619520,56.19
221.66614039056003,240881664,56.23
221.76652891002595,240881664,56.27
221.8669211883098,240881664,56.3
221.96732758544385,240881664,56.3
222.06765670329332,241143808,56.32
222.16825643368065,241143808,56.35
222.26907007582486,241143808,56.39
222.36940432339907,241143808,56.41
222.46977569162846,241143808,56.41
222.57021774165332,241537024,56.44
222.67106503248215,241537024,56.47
222.77144639007747,241537024,56.51
222.8718099910766,241537024,56.53
222.9722295384854,241537024,56.53
223.0726730786264,241930240,56.55
223.1733153667301,241930240,56.59
223.27377115376294,241930240,56.62
223.3741706237197,241930240,56.64
223.47454405203462,241930240,56.64
223.57492814213037,242323456,56.66
223.6753307003528,242323456,56.68
223.7756671588868,242323456,56.71
223.8761752359569,242323456,56.72
223.97659375332296,242323456,56.72
224.07876126654446,242585600,56.75
224.1791752949357,242585600,56.77
224.27959897369146,242585600,56.8
224.3799941893667,242585600,56.82
224.4803395010531,240570368,56.84
224.58074733056128,240832512,56.86
224.68117512576282,240832512,56.9
224.78397136181593,240832512,56.91
224.88432344980538,240832512,56.94
224.98468060791492,240832512,56.94
225.08511363901198,241225728,56.97
225.18552263639867,241225728,57.01
225.28590209409595,241225728,57.04
225.3862882219255,241225728,57.07
225.48671768978238,241225728,57.07
225.58715691044927,241618944,57.09
225.6875364072621,241618944,57.14
225.78794047795236,241618944,57.17
225.8884182535112,241618944,57.18
225.98875629343092,241618944,57.18
226.08923621289432,242012160,57.21
226.189665582031,242012160,57.25
226.29073375463486,242012160,57.28
226.3911298941821,242012160,57.31
226.49147083051503,242012160,57.31
226.59247764199972,242274304,57.34
226.69285586290061,242274304,57.38
226.7932552304119,242274304,57.41
226.89359337836504,240611328,57.46
226.99395549856126,240611328,57.46
227.09436656534672,240873472,57.49
227.19482914358377,240873472,57.53
227.29529908299446,240873472,57.55
227.39568899013102,240873472,57.57
227.4961774609983,240873472,57.57
227.59656660817564,241135616,57.59
227.6968837659806,241135616,57.63
227.79729517363012,241135616,57.65
227.89765297435224,241135616,57.65
227.9980827830732,241135616,57.65
228.09839718975127,241528832,57.69
228.1987171061337,241528832,57.72
228.29916191659868,241528832,57.74
228.39951444417238,241528832,57.74
228.49991533346474,241528832,57.74
228.60026976279914,241922048,57.78
228.70067607797682,241922048,57.82
228.80106404796243,241922048,57.86
228.90137806534767,241922048,57.86
229.00185148604214,241922048,57.86
229.10226398333907,242315264,57.89
229.2026322092861,242315264,57.92
229.3030811008066,242315264,57.96
229.40349941886961,242315264,57.97
229.50385090708733,242315264,57.97
229.604209266603,242577408,58.01
229.70534187741578,242577408,58.05
229.8057901058346,242577408,58.08
229.90616375394166,242577408,58.08
230.00655277445912,242577408,58.08
230.10710809379816,242970624,58.11
230.20750822126865,242970624,58.15
230.30784115940332,242970624,58.16
230.40844871848822,242970624,58.18
230.50891369767487,240562176,58.2
230.61049535498023,240824320,58.22
230.711284507066,240824320,58.25
230.81167528405786,240824320,58.26
230.91249164566398,240824320,58.28
231.0128706023097,240824320,58.3
231.1133175417781,240824320,58.32
231.21369682997465,240824320,58.33
231.31420150958002,240824320,58.35
231.41558890603483,240824320,58.36
231.51605480350554,240824320,58.39
231.61680115386844,240824320,58.4
231.71729104220867,240824320,58.41
231.81778578273952,240824320,58.42
231.91823084279895,240824320,58.43
232.01881070062518,240824320,58.44
232.1191981304437,240824320,58.45
232.21952822618186,240603136,58.52
232.3198572639376,240603136,58.54
232.42030930146575,240603136,58.55
232.52124469541013,240603136,58.56
232.6220718268305,240603136,58.57
232.72246743366122,240603136,58.57
232.8231291268021,240603136,58.59
232.92386620678008,240603136,58.6
233.02468582615256,240603136,58.62
233.12511054612696,240603136,58.64
233.2254774942994,240865280,58.66
233.3263923767954,240865280,58.68
233.42710957489908,240865280,58.69
233.52750138379633,240865280,58.71
233.62793144211173,240865280,58.74
233.72832373157144,240865280,58.75
233.828717937693,241258496,58.78
233.92907740734518,241258496,58.8
234.02956324629486,241258496,58.81
234.12997092679143,241258496,58.83
234.2328445892781,241258496,58.86
234.33375069126487,241258496,58.87
234.43499925360084,241258496,58.9
234.53533617407084,241520640,58.92
234.63572173379362,241520640,58.94
234.7364472616464,241520640,58.97
234.8368558101356,241520640,58.99
234.93729631975293,241520640,59.02
235.03763588890433,241913856,59.04
235.13800779543817,241913856,59.06
235.23833976127207,241913856,59.07
235.33874678239226,241913856,59.09
235.43919227086008,241913856,59.11
235.53951635025442,241913856,59.13
235.6401160378009,241913856,59.14
235.74052164889872,242307072,59.17
235.84088043496013,242307072,59.2
235.94137236475945,242307072,59.22
236.04177072271705,242307072,59.24
236.14259743504226,242307072,59.26
236.24421732127666,242307072,59.27
236.34538363479078,242700288,59.3
236.44581716135144,242700288,59.31
236.54675403423607,242700288,59.33
236.6472707334906,242700288,59.36
236.747656872496,242700288,59.38
236.8486180063337,242700288,59.4
236.95012098178267,240873472,59.43
237.050461538136,240873472,59.45
237.1508108060807,240873472,59.45
237.2512401342392,240873472,59.48
237.35164613462985,240873472,59.5
237.45248084701598,241266688,59.54
237.552810812369,241266688,59.58
237.65320508927107,241528832,59.63
237.7535673584789,241528832,59.65
237.85397536680102,241528832,59.69
237.95433152653277,241922048,59.73
238.0547101739794,241922048,59.77
238.156472960487,241922048,59.81
238.2568397372961,242315264,59.85
238.35720834694803,242315264,59.89
238.45762618631124,242315264,59.93
238.55799773335457,240603136,60.02
238.65845588222146,240603136,60.05
238.7587905600667,240865280,60.1
238.85921959020197,240865280,60.14
238.95956996642053,240865280,60.17
239.05994914658368,241127424,60.22
239.16033714450896,241127424,60.25
239.26067066192627,241520640,60.29
239.36110630072653,241520640,60.33
239.46150032803416,241520640,60.37
239.56191922537982,241520640,60.39
239.66226146556437,241913856,60.42
239.7625910229981,241913856,60.45
239.8630030825734,242176000,60.5
239.9633804783225,242176000,60.54
240.06377379782498,242569216,60.59
240.16421739570796,242569216,60.63
240.26462158374488,242569216,60.67
240.3650227431208,240562176,60.68
240.46547934226692,240562176,60.68
240.56590302102268,240824320,60.7
240.66631351038814,240824320,60.73
240.76667502708733,240824320,60.76
240.86705491505563,240824320,60.79
240.96740472130477,240824320,60.82
241.06779282167554,240824320,60.85
241.1682395003736,240824320,60.89
241.2686159480363,240824320,60.92
241.36894526705146,240824320,60.95
241.4693583343178,240824320,60.98
241.57050373777747,304291840,61.12
241.67111081816256,333258752,61.21
241.77150333486497,240529408,61.26
241.87193947471678,240529408,61.3
241.97237931378186,240791552,61.37
242.0730004031211,240791552,61.4
242.1733791027218,240791552,61.42
242.27375959046185,240791552,61.43
242.37435821071267,240791552,61.44
242.47476524673402,241184768,61.47
242.57634704187512,241184768,61.5
242.6766549423337,241184768,61.51
242.77726875059307,241184768,61.53
242.87796190194786,241184768,61.56
242.97843005880713,241577984,61.59
243.07877661846578,241577984,61.63
243.17918030545115,241577984,61.66
243.2795929349959,241971200,61.7
243.38011103495955,241971200,61.73
243.48050952143967,241971200,61.77
243.58086255006492,242364416,61.8
243.68131427839398,242364416,61.83
243.78166224621236,242364416,61.87
243.88206112384796,242364416,61.88
243.98249923437834,242364416,61.88
244.0842477492988,242626560,61.9
244.18471224978566,242626560,61.93
244.28515234589577,242626560,61.96
244.3855592366308,242626560,61.99
244.48596026562154,240521216,62.0
244.58632526174188,240783360,62.03
244.6867223419249,240783360,62.07
244.7871386706829,240783360,62.11
244.88762051798403,240783360,62.12
244.9880191348493,240783360,62.12
245.08829597383738,241176576,62.14
245.1886511296034,241176576,62.19
245.28905183821917,241176576,62.22
245.38943399861455,241176576,62.23
245.4898276142776,241176576,62.23
245.59022892452776,241569792,62.26
245.69087068364024,241569792,62.28
245.7912904229015,241569792,62.32
245.89162386208773,241569792,62.34
245.99209993891418,241569792,62.35
246.09258985891938,241963008,62.38
246.19296331703663,241963008,62.39
246.293417846784,241963008,62.42
246.39409367367625,240603136,62.49
246.49448734149337,240603136,62.49
246.59483802132308,240865280,62.52
246.69559618271887,240865280,62.54
246.79612082242966,240865280,62.57
246.89645092748106,240865280,62.59
246.99692185781896,240865280,62.59
247.0973012559116,241127424,62.62
247.1976595018059,241127424,62.65
247.29844591394067,241127424,62.69
247.39885690249503,241127424,62.71
247.49921664223075,241127424,62.71
247.59955221787095,241520640,62.75
247.69993131794035,241520640,62.79
247.8003622945398,241520640,62.82
247.90072415210307,241520640,62.82
248.00114776939154,241520640,62.82
248.102135874331,241913856,62.85
248.2028002627194,241913856,62.9
248.30322163179517,241913856,62.93
248.40355114080012,241913856,62.93
248.50389101728797,241913856,62.93
248.6043076571077,242176000,62.96
248.70472266711295,242176000,63.0
248.80517665483057,242176000,63.04
248.90557521022856,242176000,63.05
249.0062461718917,242176000,63.05
249.10668568126857,242569216,63.08
249.20725846104324,242569216,63.1
249.30765441805124,242569216,63.12
249.40807576663792,242569216,63.14
249.50847957469523,242569216,63.16
249.60923834703863,242569216,63.16
249.71021318621933,242962432,63.2
249.81057753413916,242962432,63.22
249.91095797345042,242962432,63.25
250.0113840214908,240611328,63.27
250.1117376293987,240873472,63.3
250.2121378276497,240873472,63.34
250.3125611357391,240873472,63.35
250.41293079406023,240873472,63.38
250.51333067193627,240873472,63.38
250.6142095439136,241266688,63.42
250.71493781358004,241266688,63.45
250.81533806212246,241266688,63.48
250.91567883081734,241266688,63.53
251.0165041014552,241266688,63.56
251.11681758984923,240570368,63.64
251.21732023730874,240570368,63.68
251.3176883365959,240570368,63.72
251.4182065334171,240570368,63.72
251.51865057460964,240570368,63.72
251.61907243169844,240832512,63.77
251.71944282017648,240832512,63.81
251.81980993784964,240832512,63.83
251.92027453705668,240832512,63.83
252.0207197945565,240832512,63.83
252.12120448611677,241225728,63.87
252.22153326310217,241225728,63.89
252.32190023735166,241225728,63.92
252.42225885763764,241225728,63.95
252.52266030572355,241225728,63.95
252.62310290709138,241618944,63.99
252.72345036268234,241618944,64.01
252.82387113012373,241618944,64.03
252.9242641981691,241618944,64.05
253.02465572580695,241618944,64.05
253.12533325888216,241881088,64.09
253.22573059611022,241881088,64.12
253.32610497437418,241881088,64.15
253.42646618932486,241881088,64.17
253.52680926956236,242012160,64.17
253.6271708868444,242274304,64.22
253.72751429490745,242274304,64.25
253.82796359434724,242274304,64.27
253.9283463023603,242274304,64.27
254.02874567732215,242667520,64.27
254.12919693812728,242667520,64.32
254.22952481545508,242667520,64.35
254.32990134507418,242667520,64.39
254.4303873218596,240566272,64.39
254.5308203306049,240828416,64.4
254.63135121949017,240828416,64.43
254.73167898878455,240828416,64.47
254.83221927843988,240828416,64.5
254.93265826441348,240828416,64.51
255.033111654222,241221632,64.52
255.13353155180812,241221632,64.55
255.23393088951707,241221632,64.58
255.33432066999376,241221632,64.61
255.434706363827,241221632,64.63
255.5351767744869,241614848,64.65
255.63551011495292,241614848,64.68
255.73588334955275,241614848,64.71
255.83636968955398,241614848,64.74
255.93676917813718,241614848,64.74
256.0372294355184,241876992,64.75
256.1375611945987,241876992,64.77
256.23793192207813,241876992,64.8
256.3383533619344,241876992,64.83
256.43883131816983,241876992,64.85
256.5392789542675,242270208,64.86
256.6396427061409,242270208,64.9
256.74014555476606,242270208,64.92
256.84050114266574,242270208,64.94
256.94090837053955,240615424,64.99
257.04130073823035,240877568,65.0
257.1416720468551,240877568,65.03
257.2420192249119,240877568,65.06
257.3423837143928,240877568,65.08
257.44281125068665,240877568,65.08
257.5432235188782,241270784,65.11
257.64361978694797,241270784,65.14
257.7439403347671,241270784,65.17
257.84435627423227,241270784,65.19
257.94470696151257,241270784,65.19
258.045077258721,241664000,65.2
258.1453924458474,241664000,65.24
258.2457468248904,241664000,65.27
258.34622184187174,241664000,65.3
258.446599829942,241664000,65.3
258.5469834487885,241926144,65.31
258.64736466668546,241926144,65.35
258.7477749940008,241926144,65.39
258.84856574609876,241926144,65.41
258.9491646140814,241926144,65.41
259.0495971534401,242188288,65.43
259.14992206171155,242188288,65.46
259.2503649778664,242188288,65.49
259.3507924377918,242188288,65.53
259.4512498360127,242188288,65.53
259.551600554958,242581504,65.55
259.6519605219364,242581504,65.59
259.7522712498903,242581504,65.63
259.85264703817666,242581504,65.63
259.9531796257943,242581504,65.63
260.0535400547087,242974720,65.65
260.15390478260815,242974720,65.69
260.2542913425714,242974720,65.72
260.3547585774213,240525312,65.75
260.4552450273186,240525312,65.75
260.55588406696916,240787456,65.77
260.6563015561551,240787456,65.79
260.75666446238756,240787456,65.82
260.85714150220156,240787456,65.86
260.957493910566,240787456,65.9
261.0578982103616,240787456,65.93
261.1583359763026,240525312,66.01
261.25872575491667,240525312,66.04
261.3590931016952,240525312,66.07
261.4594806097448,240525312,66.09
261.5608402453363,240918528,66.12
261.66128594242036,240918528,66.15
261.7616039030254,240918528,66.19
261.8620760496706,240918528,66.21
261.96246203780174,240918528,66.21
262.0628450959921,241311744,66.23
262.1643495615572,241311744,66.26
262.2647520173341,241311744,66.29
262.3652684055269,241311744,66.31
262.4657516460866,241311744,66.33
262.566135244444,241573888,66.35
262.66652957350016,241573888,66.39
262.7669087611139,241573888,66.43
262.86738835833967,241573888,66.43
262.96776278689504,241573888,66.43
263.0681259147823,241836032,66.46
263.16857492364943,241836032,66.5
263.26895870268345,241836032,66.53
263.3693402595818,241836032,66.55
263.4697336498648,241836032,66.55
263.57008171640337,242229248,66.57
263.6705328337848,242229248,66.6
263.77098540216684,242229248,66.65
263.8714184202254,242229248,66.66
263.9718134086579,242229248,66.66
264.0722781382501,242622464,66.68
264.17264197580516,242622464,66.72
264.27299109473825,242622464,66.75
264.3733537495136,242622464,66.77
264.47384050861,240615424,66.79
264.5742849390954,240877568,66.8
264.6746577657759,240877568,66.83
264.77510014362633,240877568,66.86
264.8755091894418,240877568,66.87
264.9758514109999,240877568,66.89
265.07658476009965,241139712,66.92
265.1771852783859,241139712,66.93
265.27763032726943,241139712,66.94
265.3781505767256,241139712,66.96
265.4785699751228,241139712,66.99
265.5789883546531,241532928,67.02
265.6793828830123,241532928,67.05
265.77972903102636,241532928,67.09
265.8803591988981,241532928,67.12
265.98071714676917,241532928,67.12
266.0811728052795,241926144,67.15
266.1816751733422,241926144,67.18
266.2821021415293,241926144,67.23
266.38255416974425,241926144,67.24
266.48295361734927,241926144,67.24
266.5833657961339,242319360,67.27
266.68376430496573,242319360,67.31
266.7841965314001,242319360,67.34
266.88460157997906,240566272,67.41
266.9850230384618,240566272,67.41
267.085539707914,240828416,67.43
267.1859521754086,240828416,67.46
267.28641402348876,240828416,67.48
267.38677978143096,240828416,67.51
267.4872776698321,240828416,67.53
267.5876790173352,241221632,67.57
267.68812140636146,241221632,67.6
267.7884546034038,241221632,67.64
267.8889337014407,241221632,67.65
267.9894043430686,241221632,67.65
268.08977751992643,241614848,67.68
268.1902150083333,241614848,67.7
268.2909442577511,241614848,67.73
268.39146251790226,241614848,67.76
268.49179707467556,241614848,67.77
268.5921802222729,242008064,67.79
268.69253240153193,242008064,67.8
268.7928533386439,242008064,67.83
268.8932660855353,242008064,67.86
268.99361638352275,242008064,67.86
269.09409639425576,242270208,67.89
269.19451148994267,242270208,67.92
269.2949159499258,242270208,67.94
269.3953381385654,242270208,67.98
269.4957434143871,242270208,67.98
269.5962214432657,242532352,68.01
269.6968474946916,242532352,68.05
269.79724235087633,242532352,68.09
269.8976590298116,242532352,68.09
269.9981346875429,242532352,68.09
270.0985331758857,242925568,68.12
270.19892445392907,242925568,68.16
270.2993350625038,242925568,68.19
270.39979127049446,240558080,68.21
270.5003161299974,240558080,68.21
270.6006939858198,240820224,68.24
270.7011473663151,240820224,68.28
270.8015016820282,240820224,68.32
270.90190170146525,240820224,68.37
271.00241551734507,240820224,68.4
271.10275018773973,240558080,68.48
271.2032003868371,240558080,68.52
271.3036837950349,240558080,68.55
271.4042096417397,240558080,68.57
271.50469773076475,240558080,68.57
271.60515437088907,240820224,68.61
271.7056550383568,240820224,68.64
271.8059733770788,240820224,68.66
271.906276833266,240820224,68.67
272.00662307068706,240820224,68.67
272.1070930901915,241213440,68.7
272.2073987387121,241213440,68.72
272.30780392698944,241213440,68.75
272.40821966156363,241213440,68.78
272.50856178067625,241213440,68.78
272.60906747728586,241475584,68.82
272.7094146180898,241475584,68.86
272.8097717836499,241475584,68.89
272.91021557338536,241475584,68.89
273.01058482192457,241475584,68.89
273.1108980886638,241868800,68.92
273.2113018371165,241868800,68.96
273.31205186620355,241868800,68.98
273.4134870823473,241868800,69.01
273.5138495694846,241868800,69.01
273.6143080983311,242262016,69.06
273.7145981453359,242262016,69.09
273.81495767459273,242262016,69.12
273.9153118506074,242262016,69.13
274.0157132577151,242262016,69.13
274.11619327776134,242524160,69.16
274.21657343395054,242524160,69.19
274.3168935030699,242524160,69.2
274.41727502271533,242524160,69.23
274.5176427178085,242524160,69.26
274.61798635683954,240795648,69.29
274.71842579357326,240795648,69.32
274.81874010153115,240795648,69.35
274.9198316242546,240795648,69.37
275.0202153213322,240795648,69.39
275.1206428203732,241188864,69.42
275.2210982274264,241188864,69.43
275.32165131904185,241188864,69.45
275.42235811799765,241188864,69.48
275.52274349331856,241188864,69.49
275.62313513457775,241188864,69.51
275.7235164102167,241582080,69.54
275.8238763175905,241582080,69.57
275.9243386667222,241582080,69.6
276.02471520379186,241582080,69.63
276.12517330236733,241582080,69.64
276.2256653904915,241844224,69.67
276.32618812285364,241844224,69.71
276.42650339752436,241844224,69.74
276.5269557554275,241844224,69.74
276.6273716054857,242237440,69.78
276.72776769287884,242237440,69.81
276.8297471217811,242237440,69.87
276.9301497787237,240525312,69.89
277.0305205453187,240918528,69.89
277.1308642048389,240918528,69.93
277.23122302256525,240918528,69.97
277.33160897903144,240918528,70.0
277.43194425851107,240918528,70.01
277.5323831140995,241311744,70.01
277.6331644859165,241311744,70.06
277.73360317386687,241311744,70.1
277.8340211827308,241311744,70.11
277.9344631601125,241311744,70.11
278.0348479989916,241573888,70.12
278.1352725978941,241573888,70.16
278.235617024824,241573888,70.2
278.33607260137796,241573888,70.22
278.436537289992,241573888,70.22
278.53691535815597,241836032,70.23
278.63728375546634,241836032,70.27
278.73766720481217,241836032,70.3
278.83814606256783,241836032,70.33
278.9387661423534,241836032,70.33
279.0391742605716,242229248,70.34
279.1395702790469,242229248,70.37
279.23991945385933,242229248,70.39
279.34031784161925,242229248,70.42
279.4407116025686,242229248,70.45
279.5411512386054,242622464,70.46
279.6429606061429,242622464,70.49
279.7433472853154,242622464,70.52
279.84378865361214,242622464,70.55
279.9442671108991,242622464,70.57
280.04469745978713,243015680,70.58
280.1450929455459,243015680,70.61
280.24545167572796,243015680,70.65
280.34582728147507,240599040,70.68
280.4462639018893,240599040,70.68
280.5466530174017,240861184,70.69
280.646970435977,240861184,70.73
280.7473654933274,240861184,70.76
280.84771112166345,240861184,70.78
280.9480926897377,240861184,70.81
281.0484809577465,240861184,70.85
281.14886791445315,241123328,70.92
281.24929587356746,240508928,70.96
281.3496510013938,240508928,70.99
281.45015384070575,240508928,71.02
281.5505797173828,240771072,71.04
281.6509742960334,240771072,71.07
281.7513661533594,240771072,71.11
281.85171566158533,240771072,71.12
281.9522241577506,240771072,71.12
282.05266334861517,241164288,71.13
282.15305168554187,241164288,71.15
282.2535203434527,241164288,71.18
282.35392935201526,241164288,71.2
282.45433199964464,241164288,71.23
282.5546738989651,241557504,71.28
282.6550418063998,241557504,71.31
282.755328502506,241557504,71.35
282.85577956959605,241557504,71.36
282.9562128279358,241557504,71.36
283.05688407085836,241819648,71.37
283.15742103755474,241819648,71.41
283.2578963562846,241819648,71.44
283.35832990705967,241819648,71.47
283.4588322620839,241819648,71.47
283.5602395068854,242212864,71.49
283.66062786616385,242212864,71.53
283.76150152646005,242212864,71.56
283.86186641454697,242212864,71.58
283.96228298172355,242212864,71.58
284.0626766104251,242606080,71.6
284.163141598925,242606080,71.61
284.26342759653926,242606080,71.64
284.364452926442,242606080,71.64
284.46484962664545,242606080,71.65
284.5653424244374,242606080,71.67
284.66584499180317,240771072,71.71
284.76761844940484,240771072,71.74
284.8679611776024,240771072,71.76
284.96841044537723,240771072,71.78
285.06938149780035,241164288,71.81
285.16978665441275,241164288,71.84
285.27024738304317,241164288,71.87
285.3706541620195,241164288,71.89
285.47113293781877,241164288,71.89
285.5719222780317,241557504,71.91
285.6724049374461,241557504,71.95
285.7727151066065,241557504,71.99
285.87321498431265,241557504,71.99
285.9735752828419,241557504,71.99
286.07424499094486,241950720,72.02
286.174561208114,241950720,72.05
286.2750224266201,241950720,72.07
286.3754499666393,241950720,72.1
286.4758726824075,241950720,72.11
286.5762861017138,242343936,72.14
286.6766478680074,242343936,72.16
286.7772622182965,242343936,72.19
286.8814315907657,242343936,72.25
286.9818281587213,240586752,72.29
287.0823205988854,240979968,72.32
287.18269744329154,240979968,72.35
287.2833154834807,240979968,72.37
287.383665272966,240979968,72.4
287.48414790071547,240979968,72.41
287.58457274734974,241242112,72.44
287.6850725580007,241242112,72.47
287.78569157607853,241242112,72.52
287.8861343842,241242112,72.52
287.9865813627839,241242112,72.52
288.086926670745,241635328,72.54
288.187364237383,241635328,72.57
288.2877135146409,241635328,72.6
288.38819011487067,241635328,72.6
288.4885394219309,241635328,72.6
288.5889017395675,242028544,72.63
288.6892934385687,242028544,72.66
288.78971113450825,242028544,72.69
288.8901965543628,242028544,72.69
288.99056861177087,242028544,72.69
289.09095741063356,242290688,72.72
289.1914539784193,242290688,72.75
289.29185671545565,242290688,72.78
289.39230122230947,242290688,72.8
289.49267190136015,242290688,72.8
289.59308669902384,242552832,72.82
289.6934585068375,242552832,72.85
289.79409622587264,242552832,72.88
289.89450963400304,242552832,72.91
289.9949035830796,242552832,72.91
290.0957088340074,242946048,72.94
290.19619012251496,242946048,72.96
290.296578630805,242946048,72.99
290.39712805859745,242946048,73.0
290.4985896144062,242946048,73.03
290.599112002179,240840704,73.05
290.7005569059402,240840704,73.07
290.80093990266323,240840704,73.09
290.90148785337806,240840704,73.11
291.00181601010263,240840704,73.13
291.10227428749204,240840704,73.14
291.2026228867471,240840704,73.15
291.3032362945378,240840704,73.17
291.40362201444805,240840704,73.18
291.50538223050535,240840704,73.18
291.60596856847405,240840704,73.19
291.7123919185251,240840704,73.2
291.81299286708236,240840704,73.21
291.9136622156948,240840704,73.23
292.0141103025526,240840704,73.23
292.11489102616906,240840704,73.25
292.21542724221945,240840704,73.26
292.31759783253074,240840704,73.27
292.4183690138161,240840704,73.29
292.5188111830503,240840704,73.3
292.6192767303437,240840704,73.32
292.7198957707733,240840704,73.33
292.8203120455146,240840704,73.35
292.9206751435995,240840704,73.36
293.02139695361257,240533504,73.43
293.12234319373965,240533504,73.45
293.2227661423385,240533504,73.47
293.32351632229984,240533504,73.49
293.4239119105041,240533504,73.5
293.52441778965294,240533504,73.53
293.6248123589903,240533504,73.56
293.7252871133387,240795648,73.6
293.8258273936808,240795648,73.62
293.9262297023088,240795648,73.66
294.02722488343716,241188864,73.69
294.12760934978724,241188864,73.71
294.2279778011143,241188864,73.72
294.3284814376384,241188864,73.74
294.4288580659777,241188864,73.75
294.52936459332705,241188864,73.78
294.6297564730048,241188864,73.79
294.7301564607769,241188864,73.8
294.8307255990803,241188864,73.8
294.93114474602044,241582080,73.82
295.03223072737455,241582080,73.84
295.1325849145651,241582080,73.86
295.2343691214919,241582080,73.87
295.3347832225263,241582080,73.9
295.4353581778705,241582080,73.91
295.5358286984265,241582080,73.92
295.63627857528627,241975296,73.94
295.7366895135492,241975296,73.97
295.83759299479425,241975296,74.0
295.93833689391613,241975296,74.02
296.0387286618352,241975296,74.04
296.1390993800014,242237440,74.07
296.2394747380167,242237440,74.1
296.339827215299,242237440,74.13
296.44025199487805,242237440,74.16
296.5405907817185,242630656,74.2
296.6409320589155,242630656,74.22
296.741286534816,242630656,74.24
296.842041246593,242630656,74.27
296.94272989593446,240787456,74.32
297.04339277371764,240787456,74.34
297.143769742921,240787456,74.36
297.2442083694041,240787456,74.38
297.344643490389,240787456,74.41
297.4455104302615,240787456,74.42
297.54607771895826,241180672,74.47
297.64660442620516,241180672,74.49
297.74693964608014,241180672,74.52
297.84736781194806,241180672,74.55
297.9483410138637,241573888,74.59
298.04878679290414,241573888,74.62
298.1499934345484,241573888,74.62
298.2503656130284,241573888,74.64
298.35069335997105,241967104,74.69
298.4511175286025,241967104,74.71
298.55145566537976,241967104,74.75
298.65184796229005,242360320,74.78
298.7525043524802,242360320,74.8
298.85287063010037,242360320,74.83
298.95430077426136,242622464,74.88
299.0547786112875,240697344,74.94
299.15520123019814,240697344,74.97
299.25556906685233,240697344,74.99
299.3572941944003,240697344,75.02
299.4577503427863,240959488,75.06
299.5581980198622,240959488,75.1
299.65870151109993,240959488,75.12
299.7591695059091,241221632,75.16
299.85954935476184,241221632,75.18
299.95989497192204,241221632,75.22
300.0603716094047,241614848,75.25
300.16075048595667,241614848,75.28
300.2611463069916,241614848,75.31
300.36164123378694,241614848,75.35
300.46197001077235,242008064,75.38
300.56238931044936,242008064,75.42
300.66273933649063,242008064,75.45
300.7633610069752,242270208,75.49
300.8637346737087,242270208,75.52
300.96444223448634,242270208,75.55
301.06485141068697,242270208,75.57
301.1652997788042,242663424,75.6
301.26566093601286,242663424,75.62
301.36610562354326,242663424,75.65
301.4665857218206,240812032,75.68
301.5669686309993,240812032,75.71
301.6674017775804,240812032,75.73
301.76785468682647,240812032,75.75
301.86825006455183,240812032,75.79
301.9686146117747,240812032,75.81
302.0689931586385,240812032,75.84
302.17008372209966,240812032,75.85
302.2704124376178,240812032,75.88
302.3708044141531,240812032,75.9
302.4712305944413,240812032,75.93
302.5715815909207,240812032,75.95
302.6719001289457,240812032,75.99
302.77245150879025,240812032,76.03
302.87281048484147,240812032,76.05
302.9732140228152,241336320,76.12
303.0736275296658,240754688,76.17
303.17423374950886,240754688,76.2
303.2746591567993,240754688,76.22
303.3751471340656,240754688,76.25
303.4755213223398,241016832,76.28
303.57584431022406,241016832,76.32
303.67630981840193,241016832,76.35
303.7767056133598,241278976,76.39
303.8771139420569,241278976,76.42
303.9774784203619,241278976,76.44
304.0785282421857,241278976,76.46
304.17906320281327,241278976,76.48
304.2794292382896,241278976,76.48
304.37980153784156,241672192,76.51
304.48035105504096,241672192,76.54
304.5807442627847,241672192,76.57
304.6811780426651,242065408,76.6
304.7815570477396,242065408,76.63
304.88188796676695,242065408,76.66
304.9829567875713,242327552,76.69
305.08417790941894,242327552,76.71
305.1847617700696,242327552,76.74
305.2852155659348,242327552,76.76
305.38561391457915,242327552,76.79
305.4860795214772,242589696,76.83
305.5864688102156,242589696,76.86
305.68698839098215,242589696,76.88
305.7875103484839,240865280,76.92
305.8879615459591,240865280,76.95
305.98849413357675,240865280,76.97
306.0888292528689,240865280,77.01
306.1891984976828,241258496,77.05
306.2896279580891,241258496,77.07
306.3902281373739,241258496,77.11
306.49059190414846,241258496,77.13
306.5912267230451,241651712,77.18
306.691607831046,241651712,77.21
306.79210148938,241651712,77.25
306.89241892658174,242044928,77.29
306.9928018543869,242044928,77.33
307.0945401098579,242044928,77.35
307.1949468590319,242438144,77.39
307.29535925388336,242438144,77.4
307.3962437454611,242438144,77.42
307.4966863337904,242438144,77.44
307.59742333367467,242438144,77.46
307.69783520139754,240685056,77.55
307.7982451301068,240685056,77.59
307.89857828617096,240685056,77.63
307.9989609234035,240947200,77.67
308.0993294324726,240947200,77.7
308.19965364970267,240947200,77.73
308.29998900555074,240947200,77.75
308.4003832247108,241209344,77.8
308.5008411630988,241209344,77.83
308.60123448073864,241209344,77.86
308.70160936564207,241602560,77.91
308.8021615538746,241602560,77.94
308.9025601744652,241602560,77.97
309.00291828997433,241602560,77.99
309.1037857029587,241995776,78.02
309.20456474274397,241995776,78.04
309.3050458095968,241995776,78.06
309.4056791178882,241995776,78.09
309.50609515607357,241995776,78.11
309.6067542564124,242388992,78.14
309.7072177045047,242388992,78.17
309.80763473175466,242388992,78.17
309.90806787088513,242388992,78.19
310.00857939757407,242388992,78.21
310.1090467758477,242388992,78.22
310.2093858420849,242651136,78.26
310.3098023030907,242651136,78.27
310.4102747384459,242651136,78.3
310.5106269158423,242651136,78.33
310.6115291658789,240906240,78.36
310.71191804483533,240906240,78.39
310.8122725915164,240906240,78.43
310.91264891065657,240906240,78.47
311.0133522581309,240906240,78.51
311.1137802377343,240906240,78.54
311.2142425738275,240644096,78.62
311.3146308735013,240644096,78.66
311.41505764983594,240644096,78.69
311.51564732939005,240644096,78.72
311.6160759460181,241037312,78.76
311.71657149493694,241037312,78.8
311.8169736545533,241037312,78.84
311.91738970018923,241037312,78.84
312.01786332949996,241037312,78.84
312.1182880382985,241299456,78.88
312.2187143750489,241299456,78.9
312.3190976418555,241299456,78.92
312.41948601044714,241299456,78.95
312.5199014674872,241299456,78.97
312.62035499699414,241692672,79.01
312.7207567617297,241692672,79.04
312.82125313207507,241692672,79.06
312.9216909892857,241692672,79.09
313.0221358779818,241692672,79.09
313.12246295437217,241954816,79.13
313.22283305227757,241954816,79.15
313.323342571035,241954816,79.17
313.4237851090729,241954816,79.19
313.52419373579323,241954816,79.2
313.6246201135218,242348032,79.24
313.7250188216567,242348032,79.27
313.82532357797027,242348032,79.3
313.9256623964757,242348032,79.31
314.02599193155766,242348032,79.31
314.1263798493892,242741248,79.35
314.22670416906476,242741248,79.38
314.3271964062005,242741248,79.41
314.4275895226747,240734208,79.42
314.5281669627875,240734208,79.42
314.62854139879346,241127424,79.47
314.7292273901403,241127424,79.48
314.8295812662691,241127424,79.51
314.92997892200947,241127424,79.53
315.031376818195,241389568,79.55
315.13216037862003,241389568,79.58
315.2329573184252,241389568,79.61
315.33389255031943,241389568,79.64
315.4342979453504,241389568,79.67
315.53479057364166,241651712,79.69
315.6353436615318,241651712,79.73
315.73565556295216,241651712,79.76
315.83613219857216,241651712,79.79
315.93649970553815,241651712,79.81
316.03687563352287,241913856,79.82
316.1372807417065,241913856,79.84
316.2376325391233,241913856,79.87
316.3379947748035,241913856,79.91
316.4384261034429,241913856,79.93
316.53880142234266,242307072,79.95
316.63930260017514,242307072,79.96
316.7410495970398,242307072,79.97
316.8417833056301,242307072,79.99
316.94267769902945,242307072,80.01
317.04518037848175,242700288,80.08
317.14572499878705,240635904,80.12
317.24617463350296,240635904,80.14
317.346573472023,240635904,80.17
317.4468941409141,240635904,80.21
317.54730235785246,240898048,80.22
317.6476377863437,240898048,80.26
317.74798684194684,240898048,80.29
317.8484251778573,240898048,80.32
317.9487663656473,240898048,80.32
318.0491467732936,241291264,80.34
318.1494735721499,241291264,80.37
318.2497894987464,241291264,80.4
318.35038297623396,241291264,80.43
318.4507669750601,241291264,80.43
318.5512101519853,241684480,80.44
318.65160568989813,241684480,80.48
318.75197239778936,241684480,80.52
318.85243695415556,241684480,80.53
318.95284039340913,241684480,80.53
319.0532344225794,241946624,80.55
319.1537463180721,241946624,80.59
319.2542828153819,241946624,80.62
319.3547980263829,241946624,80.64
319.45521957427263,241946624,80.64
319.5566107984632,242339840,80.66
319.6569516547024,242339840,80.69
319.7573673315346,242339840,80.72
319.8577202297747,242339840,80.75
319.95817102864385,242339840,80.75
320.0585799459368,242733056,80.76
320.15937681496143,242733056,80.79
320.2602981068194,242733056,80.82
320.3606880046427,242733056,80.84
320.4611644502729,240644096,80.86
320.56148685887456,240906240,80.86
320.66181799583137,240906240,80.89
320.762234961614,240906240,80.93
320.8629233017564,240906240,80.96
320.96356957033277,240906240,80.99
321.0639579575509,240906240,81.02
321.1643286589533,240906240,81.04
321.2646883632988,240734208,81.11
321.36510409228504,240734208,81.13
321.4658126030117,240734208,81.16
321.5662066284567,240734208,81.19
321.66660048626363,241127424,81.23
321.76695063337684,241127424,81.26
321.8673336300999,241127424,81.3
321.9677859377116,241127424,81.32
322.0682254973799,241389568,81.35
322.1687367539853,241389568,81.38
322.26913009397686,241389568,81.39
322.3695157710463,241389568,81.41
322.47068309411407,241389568,81.43
322.5713295098394,241651712,81.46
322.67170935869217,241651712,81.5
322.7724684588611,241651712,81.51
322.87285378575325,241651712,81.54
322.9732712544501,241651712,81.58
323.07362898252904,242044928,81.6
323.1740713901818,242044928,81.63
323.274531358853,242044928,81.65
323.37534339912236,242044928,81.66
323.4757317453623,242044928,81.68
323.57622542232275,242438144,81.72
323.6766759008169,242438144,81.75
323.7771703377366,242438144,81.78
323.87779376655817,242438144,81.8
323.97838178649545,242438144,81.84
324.0790104456246,242700288,81.85
324.17941037379205,242700288,81.88
324.2798376828432,242700288,81.91
324.3802521172911,242700288,81.93
324.48073952645063,240603136,81.96
324.58121523447335,240865280,81.98
324.6815716922283,240865280,82.0
324.7819608990103,240865280,82.01
324.8824069965631,240865280,82.04
324.98278346285224,240865280,82.05
325.0832444820553,241258496,82.07
325.18366089090705,241258496,82.08
325.2840876188129,241258496,82.11
325.3844413533807,241258496,82.13
325.48522136360407,241258496,82.15
325.5876277741045,241651712,82.19
325.68800730258226,241651712,82.21
325.7883631102741,241651712,82.22
325.8887525573373,241651712,82.25
325.98922901414335,241651712,82.27
326.0925176516175,241651712,82.3
326.192908750847,242044928,82.31
326.2933731880039,242044928,82.33
326.39368926361203,242044928,82.33
326.49411543272436,242044928,82.35
326.5944538693875,242044928,82.37
326.6949384454638,242044928,82.4
326.7952984943986,242438144,82.44
326.89567414298654,242438144,82.47
326.9960568100214,242438144,82.5
327.09642567671835,242438144,82.54
327.19677210226655,242700288,82.6
327.29719050973654,240594944,82.65
327.39764901809394,240594944,82.68
327.49797564558685,240594944,82.7
327.5983386915177,240988160,82.73
327.69874351099133,240988160,82.77
327.7991604581475,240988160,82.79
327.899550806731,240988160,82.79
327.99996202252805,240988160,82.79
328.1003920827061,241381376,82.82
328.20075642876327,241381376,82.86
328.30130571871996,241381376,82.89
328.40167675353587,241381376,82.89
328.5020572822541,241381376,82.89
328.6023813094944,241643520,82.93
328.70283765532076,241643520,82.97
328.80353708565235,241643520,83.0
328.9038871228695,241643520,83.0
329.0043465308845,241643520,83.0
329.1047916673124,242036736,83.04
329.2051459737122,242036736,83.06
329.3055939823389,242036736,83.09
329.4062882941216,242036736,83.12
329.50667425990105,242036736,83.12
329.6072481703013,242298880,83.15
329.7076187469065,242298880,83.18
329.80792533420026,242298880,83.22
329.9083154220134,242298880,83.23
330.008718598634,242298880,83.23
330.10904976539314,242692096,83.27
330.2093766015023,242692096,83.3
330.31036643497646,242692096,83.31
330.4107889216393,242692096,83.34
330.5112120080739,240668672,83.36
330.6115849670023,240930816,83.39
330.7119909822941,240930816,83.42
330.81236216053367,240930816,83.45
330.91273328848183,240930816,83.49
331.01307719387114,240930816,83.52
331.1134235225618,240930816,83.55
331.21408906951547,240668672,83.64
331.31448907777667,240668672,83.67
331.41481315530837,240668672,83.71
331.51526416279376,240668672,83.74
331.6183159481734,240668672,83.75
331.7186928167939,240930816,83.78
331.8192950338125,240930816,83.82
331.91973416134715,240930816,83.83
332.020229421556,240930816,83.83
332.1205939780921,241324032,83.87
332.220929345116,241324032,83.89
332.3213626816869,241324032,83.93
332.4217455983162,241324032,83.93
332.5222230255604,241324032,83.93
332.6225556656718,241717248,83.97
332.7229499220848,241717248,83.99
332.82372838258743,241717248,84.01
332.92416694946587,241717248,84.03
333.0244895257056,241717248,84.06
333.12484675459564,241979392,84.09
333.22567612305284,241979392,84.1
333.3261126894504,241979392,84.13
333.42649069055915,241979392,84.14
333.5277061499655,241979392,84.17
333.6282182801515,242241536,84.21
333.72856417670846,242241536,84.25
333.82897213473916,242241536,84.29
333.92980333417654,242241536,84.3
334.03021724149585,242634752,84.3
334.13069415837526,242634752,84.34
334.23113914579153,242634752,84.38
334.33293272182345,242634752,84.39
334.4334053825587,240570368,84.41
334.53382687084377,240832512,84.42
334.63425015844405,240832512,84.46
334.73527042753994,240832512,84.49
334.83562646619976,240832512,84.52
334.9360973350704,240832512,84.52
335.03652928955853,241225728,84.53
335.1374890320003,241225728,84.56
335.23782527819276,241225728,84.59
335.33825419843197,241225728,84.6
335.43869103491306,241225728,84.62
335.53932074457407,241618944,84.63
335.63971544243395,241618944,84.66
335.74008809030056,241618944,84.69
335.84047288633883,241618944,84.71
335.9409789349884,241618944,84.72
336.04134521074593,242012160,84.74
336.14284974709153,242012160,84.77
336.2432459741831,242012160,84.81
336.34364563040435,242012160,84.85
336.44423501752317,240685056,84.9
336.5454173628241,240947200,84.91
336.64583805017173,240947200,84.94
336.74740678444505,240947200,84.98
336.84771694242954,240947200,85.0
336.948210388422,240947200,85.02
337.04857238568366,241340416,85.03
337.1494683455676,241340416,85.06
337.249832354486,241340416,85.09
337.350358331576,241340416,85.13
337.45091488957405,241340416,85.14
337.55132993869483,241733632,85.15
337.6517128255218,241733632,85.2
337.75264428555965,241733632,85.23
337.8531285542995,241733632,85.25
337.9536047298461,241733632,85.25
338.0539747700095,241995776,85.27
338.1543805655092,241995776,85.3
338.25468640215695,241995776,85.33
338.35511563904583,241995776,85.35
338.4555512480438,241995776,85.35
338.55591930635273,242388992,85.37
338.6563581228256,242388992,85.4
338.7566829100251,242388992,85.43
338.85732090845704,242388992,85.45
338.9634937942028,242388992,85.47
339.0638476200402,242782208,85.51
339.1642918288708,242782208,85.53
339.26475672610104,242782208,85.55
339.3652605637908,242782208,85.57
339.4656053893268,242782208,85.6
339.56601597741246,243044352,85.62
339.66639856621623,243044352,85.65
339.76674974150956,243044352,85.68
339.86719864979386,240586752,85.69
339.9675533659756,240586752,85.69
340.067943174392,240848896,85.71
340.1683363523334,240848896,85.74
340.26872075907886,240848896,85.77
340.3691287469119,240848896,85.8
340.46958792209625,240848896,85.8
340.569999050349,241242112,85.81
340.6703997980803,241242112,85.84
340.77077506668866,241242112,85.87
340.8713461942971,241242112,85.89
340.9716701004654,241242112,85.93
341.0723305698484,241242112,85.96
341.17269827611744,241242112,85.97
341.2731053624302,241242112,86.0
341.374285755679,241242112,86.02
341.4747051335871,240586752,86.09
341.5757022034377,240586752,86.11
341.67610630206764,240586752,86.13
341.7765727303922,240586752,86.15
341.8770023584366,240586752,86.17
341.97745066694915,240586752,86.19
342.07781842164695,240848896,86.23
342.1783091388643,240848896,86.24
342.2796093914658,240848896,86.26
342.3802765812725,240848896,86.28
342.4806791096926,240848896,86.3
342.5811837185174,240848896,86.32
342.6823650598526,241242112,86.35
342.78273534588516,241242112,86.39
342.8833660259843,241242112,86.43
342.98367367498577,241242112,86.46
343.08399337902665,241635328,86.49
343.18439886532724,241635328,86.53
343.2847819030285,241635328,86.55
343.3852067627013,241635328,86.57
343.48572809807956,242028544,86.62
343.5861732866615,242028544,86.65
343.6866417750716,242290688,86.69
343.7870595622808,242290688,86.73
343.88737230561674,242290688,86.77
343.98777941428125,242290688,86.78
344.0881913919002,242683904,86.81
344.1885329298675,242683904,86.84
344.28886992670596,242683904,86.87
344.3894264549017,240644096,86.9
344.4897897094488,240644096,86.9
344.5904354695231,240906240,86.93
344.69080146588385,240906240,86.96
344.79136078618467,240906240,86.99
344.8916911315173,240906240,87.01
344.9922101907432,240906240,87.01
345.09255337901413,241299456,87.04
345.1928789447993,241299456,87.08
345.2932627815753,241299456,87.11
345.39366959035397,241299456,87.12
345.49410699494183,241299456,87.12
345.5944544542581,241692672,87.16
345.6948226187378,241692672,87.2
345.795188985765,241692672,87.22
345.895616594702,241692672,87.22
345.9960102904588,241692672,87.22
346.0963691100478,241954816,87.26
346.1967547945678,241954816,87.29
346.2971402145922,241954816,87.33
346.3975371103734,241954816,87.33
346.4979389887303,241954816,87.33
346.5983164533973,242348032,87.37
346.69863028265536,242348032,87.41
346.79966733418405,242348032,87.44
346.90010374970734,240775168,87.5
347.0004478879273,240775168,87.5
347.1008320655674,241037312,87.51
347.2011869624257,241037312,87.53
347.301526658237,241037312,87.56
347.40190032683313,241037312,87.58
347.5023462213576,241037312,87.59
347.6026971228421,241299456,87.61
347.7035150229931,241299456,87.65
347.8038307670504,241299456,87.68
347.90425800159574,241299456,87.68
348.00465393066406,241299456,87.68
348.1051277909428,241561600,87.7
348.2073824778199,241561600,87.74
348.3077822756022,241561600,87.77
348.40928371064365,241561600,87.79
348.5096710473299,241561600,87.79
348.61006907373667,241954816,87.83
348.7104408349842,241954816,87.87
348.81087293848395,241954816,87.9
348.911365557462,241954816,87.9
349.0117233246565,241954816,87.9
349.1121797300875,242348032,87.94
349.21319516189396,242348032,87.98
349.3135414198041,242348032,88.01
349.413960326463,242348032,88.01
349.5143427941948,242348032,88.01
349.6146975103766,242741248,88.05
349.7151000779122,242741248,88.09
349.815496025607,242741248,88.11
349.91636606678367,242741248,88.11
350.01679922267795,242741248,88.11
350.1172344814986,243003392,88.15
350.21940707042813,243003392,88.17
350.3198037389666,243003392,88.18
350.42024792544544,243003392,88.2
350.52059335261583,243003392,88.21
350.621204810217,243003392,88.22
350.7215566262603,243003392,88.24
350.8219661936164,243003392,88.25
350.92339215800166,243003392,88.26
351.02435567975044,240947200,88.28
351.1258953437209,240947200,88.29
351.2267226949334,240947200,88.31
351.32720022276044,240947200,88.32
351.4275551773608,240947200,88.34
351.5279232170433,240947200,88.35
351.62942216172814,240947200,88.35
351.73246388696134,240947200,88.36
351.83300886303186,240947200,88.37
351.93343649059534,240947200,88.37
352.03382775746286,240947200,88.39
352.1343797855079,240947200,88.39
352.2368939779699,240947200,88.4
352.33733676560223,240947200,88.41
352.4383261166513,240947200,88.42
352.53867599368095,240947200,88.42
352.63911638967693,240947200,88.43
352.73960593901575,240947200,88.44
352.8429981134832,240947200,88.45
352.9434331320226,240947200,88.46
353.04398005083203,240947200,88.46
353.1444091387093,240947200,88.46
353.24480983428657,240947200,88.48
353.3452731948346,240947200,88.48
353.4457089304924,240947200,88.5
353.54637717828155,240947200,88.51
353.64696309901774,240947200,88.51
353.7474846355617,240947200,88.53
353.8479051347822,240947200,88.54
353.94945490546525,240947200,88.56
354.0503765884787,240947200,88.59
354.151021335274,240594944,88.65
354.2514598816633,240594944,88.66
354.3521607313305,240594944,88.68
354.452578920871,240594944,88.7
354.5529800467193,240594944,88.73
354.65450561232865,240594944,88.74
354.75533410161734,240594944,88.76
354.85573079809546,240594944,88.77
354.9561581257731,240857088,88.81
355.05653947405517,240857088,88.83
355.15686913765967,240857088,88.84
355.2573012858629,240857088,88.86
355.3582882452756,240857088,88.88
355.4587170444429,240857088,88.89
355.559618184343,240857088,88.91
355.66116753034294,240857088,88.92
355.76161775551736,240857088,88.94
355.8624683264643,241250304,88.97
355.9629284348339,241250304,88.99
356.06359546259046,241250304,89.01
356.16400424204767,241250304,89.03
356.2648405395448,241250304,89.05
356.3652689177543,241250304,89.07
356.4656554237008,241643520,89.1
356.56643047370017,241643520,89.11
356.66781816631556,241643520,89.13
356.76840594410896,241643520,89.14
356.8691427744925,241643520,89.17
356.9695694614202,241643520,89.18
357.071429958567,241643520,89.19
357.17184813693166,241643520,89.21
357.2722434513271,241643520,89.22
357.37275931052864,241643520,89.24
357.4734302610159,241905664,89.27
357.5738012660295,241905664,89.28
357.6743319146335,241905664,89.3
357.77490277402103,241905664,89.32
357.87543488293886,241905664,89.34
357.9757741484791,241905664,89.36
358.07725695334375,241905664,89.37
358.1778615228832,242298880,89.41
358.2786515504122,242298880,89.42
358.37901926599443,242298880,89.44
358.4801718778908,242298880,89.45
358.5805612858385,242298880,89.47
358.6809544749558,242298880,89.5
358.7813799418509,242298880,89.53
358.8818176575005,242692096,89.56
358.98252290673554,242692096,89.57
359.0829942263663,242692096,89.57
359.1834636423737,242692096,89.59
359.2839931808412,242692096,89.6
359.38435181602836,242692096,89.62
359.48477608338,242692096,89.64
359.58524699136615,240865280,89.68
359.6856436096132,240865280,89.7
359.78616040572524,240865280,89.73
359.8865431435406,241258496,89.78
359.98688078299165,241258496,89.81
360.087297398597,241258496,89.85
360.18894714303315,241258496,89.87
360.2894027698785,241651712,89.9
360.38977790623903,241651712,89.93
360.4901769142598,241651712,89.95
360.5907689034939,241651712,89.97
360.69129095226526,241651712,89.99
360.7916843686253,241913856,90.02
360.8921134341508,241913856,90.04
360.9925209544599,241913856,90.07
361.0928441695869,241913856,90.1
361.19320466555655,241913856,90.13
361.2937876544893,242307072,90.17
361.39423342235386,242307072,90.2
361.49458309821784,242307072,90.23
361.5949853453785,242700288,90.28
361.69539742171764,244011008,90.31
361.7958277706057,245452800,90.34
361.89623799547553,250957824,90.42
361.99658785387874,248623104,90.46
362.09695310145617,248623104,90.5
362.197309486568,249016320,90.53
362.29764498211443,249016320,90.56
362.39806677028537,249016320,90.59
362.4984252285212,249016320,90.63
362.5987380743027,249278464,90.66
362.69917941093445,249278464,90.68
362.7995194680989,249278464,90.71
362.89985450543463,249540608,90.74
363.00017498247325,249540608,90.76
363.1005244906992,249540608,90.79
363.2008747737855,249540608,90.82
363.30125064216554,249933824,90.85
363.4016278106719,249933824,90.87
363.5025027897209,249933824,90.91
363.6028672270477,250327040,90.95
363.7032650746405,250327040,90.98
363.80364912189543,250327040,91.03
