elapsed,rss,cpuSeconds
0.00020854175090789795,135168,0.0
0.10070833377540112,75509760,0.09
0.2011538539081812,93536256,0.21
0.302149148657918,107712512,0.3
0.402547849342227,112881664,0.39
0.5029823798686266,117219328,0.48
0.6033024303615093,118661120,0.57
0.7036728505045176,125239296,0.65
0.8040587902069092,129171456,0.74
0.9044546820223331,149356544,0.85
1.0048462022095919,170328064,0.97
1.1051778141409159,176058368,1.07
1.2055144626647234,176058368,1.09
1.3058876935392618,176058368,1.11
1.4062105137854815,176058368,1.11
1.5065209735184908,176713728,1.14
1.6069598142057657,179204096,1.18
1.7074426859617233,184578048,1.22
1.8077740855515003,190869504,1.27
1.9081629253923893,195719168,1.32
2.0091117415577173,201469952,1.37
2.1094970628619194,201601024,1.39
2.209877511486411,201601024,1.43
2.310288693755865,201601024,1.47
2.4106017220765352,202649600,1.52
2.5110223833471537,203763712,1.57
2.6113466136157513,203894784,1.62
2.7116683442145586,203894784,1.66
2.81228812597692,204812288,1.7
2.9126768056303263,209006592,1.75
3.01307537779212,216547328,1.81
3.1134815588593483,217071616,1.9
3.2138936389237642,217071616,1.94
3.3142604380846024,218120192,2.0
3.4146465975791216,218120192,2.04
3.515099359676242,218120192,2.05
3.6154461819678545,218513408,2.06
3.715873721987009,218513408,2.12
3.816316282376647,219168768,2.15
3.916758382692933,221003776,2.2
4.017153713852167,221265920,2.21
4.117678474634886,224935936,2.22
4.21804010681808,229916672,2.27
4.318365046754479,235945984,2.32
4.419199857860804,241713152,2.35
4.519576458260417,247746560,2.4
4.619944689795375,248008704,2.43
4.7210055738687515,248008704,2.47
4.821325704455376,248008704,2.51
4.921709446236491,248008704,2.53
5.0220951568335295,248008704,2.56
5.124265657737851,248401920,2.58
5.224676538258791,248401920,2.61
5.325087638571858,248532992,2.63
5.425476409494877,248664064,2.67
5.5260420218110085,249843712,2.71
5.626371992751956,254300160,2.75
5.726710701361299,255873024,2.8
5.827122412621975,257183744,2.83
5.927485033869743,259280896,2.88
6.028322026133537,259473408,2.92
6.128702836111188,260259840,2.95
6.229066936299205,260259840,3.0
6.329414017498493,260390912,3.05
6.429773818701506,260390912,3.08
6.530205657705665,260390912,3.08
6.630649458616972,261439488,3.11
6.731008768081665,261439488,3.15
6.83132853731513,261439488,3.19
6.931710157543421,261439488,3.23
7.0321572702378035,261439488,3.23
7.13257716037333,262356992,3.26
7.23295002989471,262619136,3.31
7.333345830440521,262619136,3.35
7.433743949979544,262750208,3.38
7.5343446135520935,262750208,3.38
7.634812394157052,265109504,3.4
7.735220154747367,268517376,3.45
7.8356175143271685,275333120,3.5
7.936028553172946,282009600,3.56
8.036476116627455,282009600,3.6
8.13694284670055,282796032,3.63
8.237333187833428,282927104,3.66
8.33772749826312,283058176,3.7
8.438077798113227,283058176,3.73
8.53867968916893,283058176,3.75
8.639089839532971,283975680,3.77
8.739638591185212,283975680,3.81
8.839994302019477,284237824,3.86
8.940387742593884,284237824,3.89
9.04081204161048,284237824,3.89
9.141252474859357,285024256,3.92
9.241696594282985,285155328,3.94
9.342158194631338,285155328,3.98
9.442478453740478,285417472,4.02
9.542910933494568,286728192,4.06
9.643289035186172,287404032,4.12
9.743660816922784,287404032,4.15
9.844466960057616,287535104,4.18
9.944857858121395,288845824,4.23
10.045471891760826,288845824,4.25
10.148067466914654,289763328,4.3
10.248734349384904,289894400,4.33
10.349154610186815,289894400,4.36
10.449659422039986,290025472,4.39
10.550004640594125,290025472,4.43
10.65040204115212,290942976,4.46
10.751299666240811,291074048,4.5
10.852582620456815,291074048,4.55
10.952960250899196,291205120,4.57
11.05332369916141,291205120,4.57
11.153708981350064,291991552,4.6
11.254221772775054,291991552,4.64
11.354694282636046,291991552,4.67
11.455391846597195,292122624,4.7
11.555809205397964,292253696,4.75
11.656197376549244,295268352,4.79
11.757581094279885,297095168,4.83
11.858012724667788,298012672,4.86
11.958350513130426,298012672,4.91
12.05876550450921,298012672,4.94
12.15917512588203,298274816,4.97
12.259512454271317,299061248,5.0
12.35984369367361,299192320,5.03
12.460342105478048,299192320,5.06
12.563102722167969,299192320,5.09
12.664000185206532,299192320,5.1
12.764452593401074,299192320,5.14
12.865061638876796,299716608,5.16
12.965463418513536,300240896,5.19
13.06587583757937,300371968,5.23
13.166288707405329,300371968,5.26
13.26671776920557,300371968,5.28
13.36732685007155,300470272,5.33
13.467767722904682,301256704,5.39
13.568229731172323,301256704,5.43
13.668575631454587,301387776,5.47
13.769055182114244,301518848,5.51
13.870325667783618,302436352,5.55
13.971193572506309,302436352,5.59
14.07162562198937,302436352,5.62
14.172035222873092,302698496,5.66
14.27246629446745,303616000,5.71
14.372820222750306,303616000,5.75
14.473217513412237,303747072,5.8
14.573584953323007,303878144,5.83
14.674029344692826,304795648,5.88
14.774426523596048,304795648,5.9
14.87502315454185,304795648,5.93
14.975733945146203,304795648,5.96
15.076544480398297,304926720,5.98
15.177228853106499,304926720,6.0
15.277670981362462,308113408,6.07
15.378158494830132,308244480,6.11
15.478538004681468,308244480,6.14
15.578989665955305,308244480,6.16
15.679369773715734,308244480,6.19
15.781223954632878,309293056,6.22
15.882075808942318,309424128,6.26
15.982440965250134,309424128,6.28
16.082858707755804,309424128,6.32
16.18331402912736,309424128,6.34
16.28466372564435,310472704,6.38
16.3850485868752,310603776,6.4
16.4854344855994,310603776,6.43
16.586182598024607,310603776,6.46
16.686543367803097,310603776,6.48
16.789119781926274,310603776,6.5
16.88959572277963,310603776,6.52
16.990441486239433,311652352,6.55
17.09095372632146,311652352,6.58
17.1920065023005,312832000,6.61
17.292373752221465,313749504,6.64
17.392746509984136,314798080,6.67
17.493534306064248,315715584,6.7
17.59398807398975,316022784,6.77
17.694413205608726,316153856,6.8
17.79480228573084,316153856,6.84
17.89519465342164,316284928,6.88
17.995601693168283,316284928,6.93
18.096368877217174,317333504,6.96
18.19685497879982,317464576,7.0
18.29729582928121,317464576,7.04
18.39771785773337,317464576,7.08
18.498058358207345,318513152,7.13
18.59838997758925,318513152,7.18
18.69877783767879,318644224,7.21
18.79912743717432,318644224,7.23
18.899504110217094,321003520,7.29
18.99998213723302,321134592,7.32
19.100334029644728,321265664,7.37
19.200712777674198,321474560,7.44
19.301197277382016,321474560,7.47
19.401600290089846,321605632,7.51
19.502014009281993,321605632,7.55
19.602444000542164,322523136,7.58
19.702835090458393,322654208,7.62
19.804219426587224,322654208,7.65
19.904600255191326,322785280,7.69
20.004994995892048,322785280,7.73
20.105314334854484,323702784,7.74
20.205659326165915,323702784,7.78
20.30602379515767,323964928,7.82
20.406384086236358,323964928,7.86
20.506845146417618,323964928,7.88
20.607290666550398,324882432,7.89
20.707869306206703,324882432,7.93
20.808248806744814,325013504,7.95
20.908649077638984,325144576,7.99
21.0090957172215,325144576,8.02
21.10954063758254,325267456,8.08
21.21007231809199,325267456,8.12
21.310409346595407,325398528,8.15
21.41083158738911,325398528,8.19
21.51122896745801,325398528,8.24
21.611612068489194,325398528,8.26
21.71203082613647,325660672,8.3
21.812398467212915,326578176,8.34
21.912773318588734,326578176,8.38
22.01324931718409,326578176,8.42
22.113615138456225,326840320,8.44
22.213973186910152,327757824,8.47
22.314330397173762,327757824,8.5
22.414768198505044,327757824,8.53
22.51513741724193,327888896,8.57
22.615518566221,328806400,8.61
22.716187497600913,328937472,8.64
22.816560689359903,328937472,8.67
22.916985547170043,329068544,8.7
23.018230583518744,333783040,8.76
23.1190717369318,334569472,8.79
23.219428785145283,334569472,8.83
23.319903565570712,334700544,8.85
23.42023030668497,334700544,8.88
23.520673686638474,334700544,8.92
23.621847581118345,335749120,8.94
23.722250202670693,335880192,8.98
23.822617130354047,335880192,9.01
23.92311000265181,335880192,9.05
24.023511802777648,336011264,9.08
24.12389408238232,336928768,9.11
24.224404541775584,336928768,9.15
24.32481437176466,336928768,9.19
24.42523475177586,337059840,9.22
24.52563427016139,337190912,9.25
24.6259977016598,338108416,9.28
24.726472282782197,338108416,9.3
24.82687527127564,338239488,9.33
24.927349861711264,338239488,9.36
25.028005361557007,338239488,9.39
25.12853169441223,338239488,9.41
25.228884384036064,337727488,9.47
25.329313384369016,338776064,9.52
25.42998007312417,338776064,9.55
25.530351005494595,338776064,9.59
25.63087585568428,338776064,9.62
25.731215815991163,339824640,9.67
25.83159393630922,339955712,9.7
25.931957753375173,339955712,9.74
26.03232291340828,339955712,9.78
26.1327138338238,341004288,9.8
26.233279144391418,341004288,9.84
26.33363426476717,341135360,9.87
26.434110866859555,341135360,9.92
26.534472094848752,341135360,9.95
26.6348742749542,342183936,9.97
26.73524098470807,342315008,10.0
26.83562516234815,342315008,10.02
26.93601361475885,342315008,10.05
27.03635897487402,341618688,10.08
27.136771872639656,342536192,10.14
27.237155521288514,342536192,10.18
27.337575182318687,342536192,10.2
27.437960911542177,342667264,10.23
27.538335002958775,343060480,10.26
27.638736041262746,343977984,10.3
27.739288182929158,343977984,10.33
27.839609650895,344109056,10.36
27.940115451812744,344240128,10.4
28.040594562888145,344240128,10.44
28.14102248288691,345157632,10.47
28.241480952128768,345157632,10.49
28.34185085259378,345288704,10.52
28.442296842113137,345419776,10.56
28.54271414130926,345419776,10.6
28.643138352781534,346337280,10.62
28.74346451088786,346599424,10.66
28.84381891787052,346599424,10.7
28.94424270093441,346599424,10.74
29.044630529358983,345878528,10.79
29.14513486996293,346796032,10.81
29.245444739237428,346796032,10.84
29.34580641053617,346796032,10.86
29.44620955735445,346796032,10.9
29.54834404028952,346796032,10.92
29.648733289912343,347582464,10.94
29.749253129586577,347975680,10.98
29.84967347048223,347975680,11.03
29.950053229928017,347975680,11.06
30.05053712055087,348106752,11.1
30.151309952139854,349024256,11.13
30.251825561746955,349155328,11.16
30.352166889235377,349155328,11.18
30.452520782127976,349155328,11.21
30.55296174995601,349155328,11.24
30.653342969715595,349286400,11.28
30.75378574989736,350203904,11.32
30.85451610200107,350334976,11.35
30.95524165406823,350334976,11.39
31.055631633847952,350466048,11.43
31.156048364937305,350400512,11.5
31.256441013887525,350531584,11.51
31.3568366933614,350531584,11.54
31.45723331347108,350662656,11.57
31.557667141780257,350662656,11.58
31.65805355273187,350662656,11.62
31.758380360901356,350793728,11.65
31.85888791270554,350924800,11.7
31.959259470924735,351842304,11.75
32.05967261083424,351842304,11.77
32.161023596301675,352104448,11.81
32.261337865144014,352104448,11.85
32.3617651052773,353021952,11.89
32.46255609765649,353021952,11.92
32.56288561783731,353153024,11.97
32.66383427940309,354201600,12.0
32.76416421867907,354201600,12.05
32.864483047276735,354332672,12.09
32.964867478236556,354332672,12.13
33.06531355716288,358969344,12.21
33.165944669395685,359886848,12.24
33.26635357737541,360017920,12.28
33.36672298796475,360017920,12.32
33.467063998803496,360148992,12.36
33.56745761632919,360148992,12.36
33.66781420633197,361066496,12.39
33.768213933333755,361197568,12.44
33.86857173405588,361328640,12.49
33.96907150559127,361328640,12.51
34.06947620399296,361328640,12.51
34.16988578438759,362246144,12.54
34.270448826253414,362377216,12.58
34.37083646468818,362377216,12.63
34.47121545486152,362508288,12.65
34.5715555511415,362508288,12.65
34.671983582898974,363425792,12.69
34.77241721004248,363556864,12.73
34.872781889513135,363556864,12.78
34.97313795052469,363065344,12.83
35.07354990020394,363065344,12.83
35.17391202971339,363982848,12.88
35.274286357685924,363982848,12.9
35.375274581834674,364113920,12.92
35.47621419467032,364113920,12.95
35.57657058164477,364113920,12.99
35.67699131183326,365162496,13.03
35.777351062744856,365293568,13.07
35.877825781702995,365293568,13.11
35.97823807038367,365293568,13.12
36.07859532721341,365293568,13.12
36.179033890366554,366211072,13.16
36.27937774732709,366473216,13.18
36.37976584583521,366473216,13.22
36.48016148619354,366604288,13.27
36.58060956560075,366604288,13.27
36.681190725415945,367521792,13.3
36.78175637871027,367652864,13.35
36.882141418755054,367652864,13.4
36.98257206566632,366977024,13.46
37.08299337886274,366977024,13.46
37.18338002637029,367894528,13.49
37.288639137521386,367894528,13.53
37.38909603841603,367894528,13.57
37.48952227830887,368156672,13.61
37.58999568782747,368156672,13.61
37.69046003744006,369074176,13.66
37.7908232267946,369074176,13.69
37.892290921881795,369074176,13.73
37.992591962218285,369205248,13.77
38.09557615034282,369598464,13.78
38.196423061192036,370253824,13.83
38.29677625000477,370253824,13.86
38.39717552065849,370253824,13.89
38.497540697455406,370384896,13.93
38.59797710739076,371302400,13.95
38.698860770091414,371302400,13.99
38.79933810979128,371433472,14.02
38.89972355030477,371433472,14.06
39.00022198073566,370720768,14.13
39.101265313103795,371638272,14.15
39.202118426561356,371638272,14.18
39.30248487368226,371769344,14.2
39.40285859443247,371769344,14.25
39.50331027433276,371769344,14.29
39.60364260151982,372686848,14.3
39.704141242429614,372817920,14.31
39.804480062797666,372948992,14.34
39.904957139864564,372948992,14.36
40.005411149933934,373080064,14.4
40.105865409597754,373997568,14.42
40.2062635589391,373997568,14.46
40.30659992620349,374128640,14.5
40.40695361606777,374128640,14.54
40.50738358683884,374259712,14.57
40.60774174518883,375177216,14.58
40.70811733417213,375177216,14.62
40.80849272198975,375308288,14.67
40.90894231200218,375439360,14.71
41.009366162121296,374669312,14.76
41.10977050289512,375455744,14.77
41.21014510281384,375455744,14.8
41.31048542074859,375586816,14.84
41.410835737362504,375586816,14.87
41.511412020772696,375586816,14.91
41.61178432777524,375717888,14.96
41.712263368070126,376766464,15.0
41.81271018832922,376766464,15.05
41.91308488510549,376897536,15.09
42.01359439827502,376897536,15.13
42.114021338522434,376487936,15.22
42.21487865038216,376487936,15.25
42.31525147892535,376487936,15.29
42.41558596678078,376487936,15.33
42.51603516563773,376487936,15.36
42.6163539532572,376881152,15.38
42.716760544106364,376881152,15.41
42.81745828688145,376881152,15.42
42.91779935359955,376881152,15.46
43.01816178485751,376881152,15.5
43.11909435689449,376881152,15.53
43.219427425414324,376881152,15.54
43.31980724260211,377274368,15.57
43.42046143487096,377274368,15.6
43.520863734185696,377274368,15.64
43.6216622851789,377274368,15.67
43.72314704209566,377274368,15.69
43.82348605059087,377667584,15.73
43.923954201862216,377667584,15.78
44.02503530681133,377667584,15.81
44.12543826363981,376524800,15.88
44.22585513442755,376524800,15.92
44.32625561207533,376524800,15.96
44.42658028937876,376524800,16.01
44.52703250013292,376524800,16.01
44.6273909304291,376918016,16.02
44.72774546779692,376918016,16.05
44.828111816197634,376918016,16.1
44.92848116531968,376918016,16.14
45.0293323174119,376918016,16.16
45.129692155867815,377311232,16.19
45.23036049865186,377311232,16.21
45.33069988526404,377311232,16.24
45.43134893849492,377311232,16.27
45.53178164549172,377311232,16.29
45.63225791417062,377573376,16.34
45.73263000138104,377573376,16.38
45.83317125402391,377573376,16.43
45.933884385973215,377573376,16.47
46.03423878364265,376262656,16.52
46.13462443463504,376524800,16.54
46.235032921656966,376524800,16.58
46.335433781147,376524800,16.61
46.435779470950365,376524800,16.65
46.536125818267465,376524800,16.66
46.63652626797557,376918016,16.68
46.73718518950045,376918016,16.72
46.8375703189522,376918016,16.77
46.94120601005852,376262656,16.85
47.041601030156016,376262656,16.86
47.142007106915116,376524800,16.88
47.242404226213694,376524800,16.93
47.34279704652727,376524800,16.96
47.44336611405015,376524800,17.01
47.54377253353596,376524800,17.02
47.644257774576545,376918016,17.04
47.74463980272412,376918016,17.08
47.84531127475202,376918016,17.11
47.945946564897895,376918016,17.14
48.0463211145252,376918016,17.16
48.14672689139843,377311232,17.2
48.24706728942692,377311232,17.22
48.34752760268748,377311232,17.26
48.44795184023678,377311232,17.29
48.54846107028425,377311232,17.3
48.64899100922048,377573376,17.32
48.74944921955466,377573376,17.35
48.85023565031588,377573376,17.38
48.95069441013038,377573376,17.42
49.051104279235005,376184832,17.49
49.151465548202395,376446976,17.52
49.25191605836153,376446976,17.54
49.35255853831768,376446976,17.58
49.45303412526846,376446976,17.62
49.55340528674424,376446976,17.64
49.6538003757596,376840192,17.66
49.75424923375249,376840192,17.69
49.854642774909735,376840192,17.71
49.95504179224372,376840192,17.75
50.055470302700996,376840192,17.79
50.156493693590164,377233408,17.82
50.25684751197696,377233408,17.85
50.3573499917984,377233408,17.88
50.45768622122705,377233408,17.92
50.558120500296354,377233408,17.96
50.65852737054229,377495552,17.99
50.758937887847424,377495552,18.03
50.85928721725941,377495552,18.07
50.959631606936455,377495552,18.11
51.06009650602937,376176640,18.16
51.16042904369533,376438784,18.19
51.261070504784584,376438784,18.21
51.361522221937776,376438784,18.24
51.461972473189235,376438784,18.29
51.56238042935729,376438784,18.33
51.66272272914648,376438784,18.38
51.76425133831799,376832000,18.44
51.8645825535059,376619008,18.5
51.96502676419914,376619008,18.54
52.0653780028224,376619008,18.58
52.16581727191806,376619008,18.61
52.26621169038117,376881152,18.66
52.36727138608694,376881152,18.7
52.46772916428745,376881152,18.74
52.5681186337024,376881152,18.78
52.66848294250667,377274368,18.81
52.768827529624104,377274368,18.85
52.869196930900216,377274368,18.88
52.96958444826305,377274368,18.92
53.07015316747129,377274368,18.92
53.170553877949715,377536512,18.93
53.27204207330942,377536512,18.97
53.37240643054247,377536512,18.99
53.47308041155338,377536512,19.02
53.57384892180562,377536512,19.06
53.67419305443764,377536512,19.08
53.774561021476984,377929728,19.11
53.87537685222924,377929728,19.13
53.9757930226624,377929728,19.16
54.07639780268073,378060800,19.19
54.1776167768985,378060800,19.21
54.278429105877876,378060800,19.23
54.378870936110616,378060800,19.26
54.479303773492575,378060800,19.27
54.580676479265094,379502592,19.31
54.68139356933534,380813312,19.33
54.78220914117992,381599744,19.34
54.88254864141345,382779392,19.35
54.983208222314715,383696896,19.37
55.08356568031013,384483328,19.39
55.18405173718929,386318336,19.41
55.28456827811897,388153344,19.43
55.3850224185735,389726208,19.45
55.48616796173155,391036928,19.47
55.58688107319176,392085504,19.49
55.687302401289344,393789440,19.51
55.787622729316354,395231232,19.53
55.88802319765091,397328384,19.56
55.98838946595788,398639104,19.58
56.088861018419266,399818752,19.6
56.190719686448574,401522688,19.62
56.29122460447252,403095552,19.64
56.39214926585555,405585920,19.67
56.4924883749336,407289856,19.68
56.592829681932926,408731648,19.71
56.69322684966028,411353088,19.73
56.7936052903533,413712384,19.76
56.89495193399489,416071680,19.79
56.996434070169926,420134912,19.83
57.09687473066151,423542784,19.86
57.197192987427115,426557440,19.89
57.29758068546653,430620672,19.93
57.39802079461515,433713152,20.0
57.49840220436454,431874048,20.04
57.59979050792754,431874048,20.07
57.7001369856298,431874048,20.1
57.80047224648297,431874048,20.12
57.90097714588046,431874048,20.15
58.00134224444628,431874048,20.18
58.101785054430366,432267264,20.21
58.202206291258335,432267264,20.24
58.30331612378359,432267264,20.27
58.40389173477888,432267264,20.3
58.504703655838966,432398336,20.32
58.60628322325647,432529408,20.34
58.70667493157089,432529408,20.37
58.80710334144533,433315840,20.37
58.9074247982353,433315840,20.4
59.00782949849963,433315840,20.42
59.1082406360656,433446912,20.45
59.20954141020775,433446912,20.48
59.30998350121081,433446912,20.51
59.410723170265555,434364416,20.54
59.51112668029964,434364416,20.58
59.6118403300643,434364416,20.61
59.71223364956677,434495488,20.65
59.812885930761695,434495488,20.67
59.913266798481345,435412992,20.7
60.01359291560948,435412992,20.74
60.11405551433563,435544064,20.77
60.214453764259815,435675136,20.81
60.31480871140957,435675136,20.84
60.415277229622006,436592640,20.88
60.515987342223525,436592640,20.92
60.61632498912513,436592640,20.95
60.71675783768296,436854784,20.99
60.81715617887676,437772288,21.03
60.918093778193,437772288,21.06
61.01848145760596,437772288,21.1
61.11883175559342,438034432,21.15
61.219245886430144,437198848,21.23
61.319608421996236,438116352,21.28
61.42002023011446,438247424,21.32
61.520358830690384,438247424,21.37
61.62075451761484,439164928,21.41
61.72116006538272,439427072,21.46
61.82152829319239,439427072,21.5
61.922012673690915,440344576,21.55
62.022382874041796,440475648,21.59
62.12282025255263,440475648,21.62
62.22345452196896,440475648,21.65
62.323839170858264,440737792,21.67
62.42425251938403,440737792,21.7
62.52574232593179,441655296,21.75
62.62609442137182,440262656,21.81
62.72645476274192,440262656,21.85
62.82691398076713,440262656,21.89
62.92723515070975,440262656,21.93
63.0276308581233,440655872,21.96
63.12806392647326,440655872,21.99
63.22838448360562,440655872,22.01
63.32931472547352,440655872,22.06
63.430287258699536,440655872,22.09
63.530730517581105,440655872,22.14
63.63115658611059,440655872,22.17
63.73151779361069,440918016,22.21
63.83185157366097,440918016,22.25
63.932287542149425,440918016,22.3
64.03283208236098,441311232,22.35
64.13323163986206,441311232,22.37
64.23525075055659,441311232,22.39
64.33563326857984,441311232,22.43
64.43596750684083,441311232,22.46
64.53634399361908,441573376,22.5
64.6366962119937,441573376,22.54
64.73710084147751,441573376,22.6
64.83747912943363,441573376,22.64
64.93859809450805,441966592,22.69
65.03901286236942,441966592,22.73
65.13938990980387,441966592,22.77
65.2399474196136,441966592,22.81
65.34057836979628,442359808,22.85
65.44096111878753,442359808,22.88
65.54142504557967,442359808,22.92
65.64183550514281,442359808,22.96
65.74226241372526,440418304,23.06
65.84266949445009,440418304,23.11
65.94302479922771,440418304,23.16
66.04337651096284,440418304,23.2
66.14393565803766,440680448,23.25
66.2443835772574,440680448,23.28
66.34483665600419,440680448,23.3
66.44521471485496,440680448,23.34
66.54588591493666,440942592,23.38
66.64625714160502,440942592,23.4
66.74754601716995,440942592,23.43
66.84799616597593,440942592,23.47
66.9487779866904,440942592,23.5
67.04931249842048,441204736,23.55
67.14972967468202,441204736,23.59
67.25013991445303,441204736,23.63
67.35046271048486,441597952,23.68
67.45095402933657,441597952,23.72
67.55220140516758,441597952,23.77
67.6525450348854,441597952,23.8
67.75327028147876,441597952,23.83
67.85363850183785,441991168,23.86
67.95445231162012,441991168,23.91
68.05491525121033,441991168,23.95
68.15527110919356,442384384,23.98
68.25567251816392,442384384,24.02
68.35610015876591,442384384,24.04
68.45650046691298,442384384,24.08
68.55687790364027,442384384,24.11
68.65720874257386,442646528,24.16
68.75757917948067,442646528,24.2
68.85799310915172,442646528,24.24
68.95840309746563,443273216,24.32
69.0588938165456,439197696,24.39
69.15929060615599,439197696,24.43
69.25964673236012,439197696,24.47
69.35998566262424,439590912,24.52
69.46385255269706,439590912,24.54
69.56422745063901,439590912,24.56
69.6646183077246,439590912,24.61
69.76502488553524,439984128,24.64
69.86555474624038,439984128,24.68
69.9659685138613,439984128,24.73
70.0663107149303,439984128,24.77
70.16690589115024,440246272,24.81
70.2672517709434,440246272,24.86
70.36767788976431,440246272,24.9
70.46808549761772,439226368,24.99
70.56851379573345,439226368,25.06
70.66901375539601,439226368,25.09
70.76943307369947,439226368,25.13
70.86988554149866,439488512,25.17
70.97031026147306,439488512,25.22
71.07065832987428,439488512,25.25
71.17120161093771,439488512,25.28
71.27171798795462,439488512,25.31
71.37224463745952,439750656,25.35
71.47260094620287,439750656,25.38
71.5730150938034,439750656,25.41
71.67337403260171,439750656,25.46
71.77376146242023,439750656,25.5
71.87428532913327,439750656,25.55
71.97463625855744,440012800,25.6
72.07504924573004,440012800,25.64
72.17604160867631,440012800,25.66
72.2764526065439,440012800,25.68
72.37677701376379,440406016,25.72
72.47719630226493,440406016,25.76
72.57758521288633,440406016,25.8
72.6779695097357,440406016,25.83
72.77829722687602,440799232,25.87
72.878741286695,440799232,25.91
72.9790764246136,440799232,25.94
73.07945295423269,440799232,25.98
73.18005731143057,440999936,26.08
73.28040849976242,440999936,26.14
73.38087443821132,440999936,26.18
73.48155347071588,440999936,26.21
73.58197583816946,440999936,26.25
73.68240643665195,441262080,26.29
73.78273544460535,441262080,26.33
73.88315581157804,441262080,26.37
73.98355895094573,441262080,26.4
74.08410969004035,441262080,26.4
74.18447982892394,441655296,26.45
74.28497155755758,441655296,26.5
74.3853300139308,441655296,26.55
74.48579215444624,441655296,26.55
74.58624720200896,441655296,26.55
74.68660267069936,442048512,26.6
74.7870057374239,442048512,26.64
74.88738572597504,442048512,26.67
74.98780429363251,442048512,26.71
75.08838475495577,442048512,26.71
75.18874653242528,442310656,26.75
75.28915981017053,442310656,26.78
75.3894905988127,442310656,26.82
75.48983382619917,442310656,26.86
75.59023571386933,442310656,26.87
75.69062452204525,442572800,26.91
75.79108346998692,442572800,26.95
75.89145801775157,442572800,26.99
75.99222173728049,442572800,27.02
76.09269817732275,442572800,27.02
76.19317644648254,442966016,27.07
76.29358014650643,442966016,27.11
76.39407303370535,442966016,27.16
76.49444047175348,442966016,27.16
76.59482556954026,443359232,27.17
76.69534992799163,443359232,27.22
76.79572785831988,443359232,27.25
76.89609864540398,443359232,27.28
76.99661810323596,443359232,27.3
77.09729035384953,442888192,27.37
77.19772025384009,438849536,27.44
77.2981346193701,438849536,27.47
77.39851712808013,438849536,27.5
77.49889558553696,438849536,27.54
77.59933816641569,439242752,27.55
77.69973538257182,439242752,27.59
77.80018832162023,439242752,27.62
77.90103124268353,439242752,27.67
78.00139810144901,439242752,27.69
78.10176487825811,439504896,27.7
78.20210616663098,439504896,27.75
78.30245231464505,439504896,27.78
78.40286526270211,439504896,27.83
78.50327876210213,439504896,27.83
78.60369791090488,439898112,27.83
78.70407002605498,439898112,27.88
78.80454739555717,439898112,27.93
78.90490500256419,439898112,27.97
79.00624925084412,438853632,28.08
79.10661092586815,439115776,28.09
79.20699407346547,439115776,28.13
79.30753876268864,439115776,28.17
79.40790370292962,439115776,28.22
79.50830966979265,439115776,28.22
79.60871479846537,439508992,28.24
79.70954982936382,439508992,28.27
79.80999125726521,439508992,28.31
79.9102929867804,439508992,28.34
80.01068989373744,439508992,28.37
80.11119895242155,439902208,28.39
80.21156921982765,439902208,28.43
80.31226960942149,439902208,28.46
80.41260726749897,439902208,28.5
80.51302349567413,439902208,28.54
80.61334437318146,440295424,28.55
80.71390592120588,440295424,28.6
80.8142584823072,440295424,28.64
80.91462689824402,440295424,28.68
81.01509350538254,440295424,28.68
81.11605157889426,440557568,28.69
81.21639932692051,440557568,28.72
81.31683592684567,440557568,28.74
81.41724480129778,440557568,28.77
81.51760616153479,440557568,28.81
81.61800883710384,440557568,28.86
81.71838757768273,440557568,28.9
81.81893756613135,440758272,29.0
81.92012699879706,440758272,29.05
82.02054923772812,440758272,29.1
82.12098397314548,440758272,29.14
82.22135962173343,441020416,29.18
82.32179882191122,441020416,29.22
82.42216002009809,441020416,29.25
82.52251098677516,441020416,29.27
82.62324650771916,441413632,29.29
82.7236360963434,441413632,29.33
82.82406984455884,441413632,29.38
82.92448180168867,441413632,29.42
83.02498410269618,441413632,29.44
83.12536058947444,441806848,29.45
83.22578937746584,441806848,29.49
83.32656910829246,441806848,29.53
83.42693774588406,441806848,29.58
83.52733070217073,441806848,29.6
83.6277160923928,442200064,29.62
83.72826007008553,442200064,29.66
83.8286183476448,442200064,29.7
83.92939871735871,442200064,29.73
84.02981334552169,442200064,29.76
84.1302079949528,442462208,29.78
84.23053920269012,442462208,29.81
84.33103065937757,442462208,29.85
84.43138032779098,442462208,29.9
84.53181447647512,442462208,29.9
84.63258843868971,442855424,29.93
84.73291412368417,442855424,29.95
84.83333001285791,442855424,29.99
84.93426713347435,442855424,30.02
85.03464100137353,442855424,30.04
85.13504808954895,443248640,30.06
85.2354437187314,443248640,30.09
85.33582576550543,443248640,30.11
85.4361803624779,443248640,30.14
85.53663649223745,443109376,30.21
85.63699273020029,439029760,30.27
85.73740259744227,439029760,30.31
85.83785900659859,439029760,30.34
85.93829019367695,439029760,30.38
86.0387072302401,439029760,30.4
86.1390955299139,439422976,30.41
86.23949779756367,439422976,30.46
86.33991752564907,439422976,30.5
86.44029801338911,439422976,30.54
86.54066069051623,439422976,30.54
86.64115820080042,439816192,30.57
86.74150309711695,439816192,30.6
86.84190960600972,439816192,30.65
86.94228202290833,439816192,30.68
87.04265909083188,439816192,30.68
87.1430689189583,440078336,30.71
87.2434657253325,440078336,30.75
87.3437879215926,440078336,30.79
87.44418846257031,439140352,30.86
87.54456382989883,439140352,30.89
87.64488450624049,439402496,30.92
87.74522454477847,439402496,30.98
87.84560514241457,439402496,31.01
87.94602346979082,439402496,31.05
88.04644601792097,439402496,31.05
88.14779181219637,439795712,31.07
88.24823481962085,439795712,31.11
88.34884997084737,439795712,31.14
88.44975918158889,439795712,31.18
88.55016994848847,439795712,31.21
88.65048802644014,440057856,31.24
88.7508444339037,440057856,31.28
88.85130710154772,440057856,31.32
88.9516823105514,440057856,31.35
89.05214947834611,440057856,31.35
89.15255032666028,440451072,31.39
89.25315444543958,440451072,31.42
89.3534571826458,440451072,31.46
89.45390303991735,440451072,31.5
89.55431320890784,440451072,31.52
89.65472903847694,440844288,31.55
89.7552540935576,440844288,31.59
89.8556349016726,440844288,31.62
89.95597992092371,440844288,31.64
90.05641547776759,440844288,31.65
90.15697070583701,441106432,31.67
90.25742066651583,441106432,31.71
90.35783117450774,441106432,31.73
90.4582191426307,441106432,31.75
90.5585628580302,441106432,31.79
90.65897210687399,441499648,31.82
90.75933806411922,441499648,31.86
90.85969230160117,441499648,31.9
90.9601287599653,441245696,31.95
91.06085941009223,441245696,31.99
91.16129661723971,441507840,32.01
91.26210822723806,441507840,32.03
91.36245804652572,441507840,32.07
91.4628683719784,441507840,32.09
91.56323108077049,441507840,32.13
91.6636500172317,441507840,32.17
91.76398708671331,441507840,32.23
91.86441831476986,441516032,32.31
91.96542917564511,441516032,32.35
92.06582071445882,441516032,32.39
92.16626360267401,441516032,32.44
92.26674207858741,441778176,32.49
92.3671354483813,441778176,32.53
92.4674652852118,441778176,32.58
92.56781971268356,441778176,32.6
92.66823573969305,442171392,32.63
92.76855815760791,442171392,32.68
92.86897331476212,442171392,32.73
92.96937363408506,442171392,32.73
93.06977096945047,442171392,32.73
93.17027972079813,442564608,32.77
93.27066089585423,442564608,32.81
93.37098782323301,442564608,32.86
93.47134326957166,442564608,32.86
93.57183505035937,442564608,32.86
93.67312806285918,442957824,32.91
93.77345799095929,442957824,32.93
93.87385373748839,442957824,32.98
93.97425720654428,442957824,32.98
94.07466447353363,442957824,32.98
94.17505508288741,443351040,33.02
94.27544841729105,443351040,33.06
94.37578813545406,443351040,33.1
94.47613895311952,443351040,33.13
94.5765218026936,443351040,33.13
94.67691132985055,443613184,33.16
94.77721963636577,443613184,33.2
94.87761118263006,443613184,33.25
94.97814377211034,443613184,33.27
95.07853120937943,443613184,33.27
95.17900931835175,443875328,33.3
95.28012737073004,443875328,33.32
95.38057132810354,443875328,33.35
95.48107034526765,443875328,33.39
95.58145443350077,443875328,33.43
95.68429162725806,441745408,33.49
95.78460698574781,442138624,33.55
95.8860224597156,442138624,33.58
95.9863913282752,442138624,33.62
96.08679726347327,442138624,33.66
96.18721411377192,442400768,33.7
96.2875426094979,442400768,33.73
96.38804232887924,442400768,33.76
96.48847019672394,442400768,33.81
96.58896709419787,442400768,33.84
96.6893547102809,442793984,33.89
96.7897963207215,442793984,33.94
96.89021328650415,442793984,33.94
96.99075210653245,442793984,33.97
97.09119822457433,442793984,33.98
97.19160546176136,443187200,34.02
97.29248579218984,443187200,34.05
97.39331713318825,443187200,34.09
97.49459361843765,443187200,34.14
97.5953928064555,441704448,34.2
97.69626155868173,441835520,34.23
97.79665995389223,441835520,34.27
97.89713734202087,441835520,34.31
97.99748577922583,441835520,34.35
98.09799292869866,442097664,34.36
98.19842652603984,442097664,34.39
98.30038356408477,442097664,34.43
98.40086985379457,442097664,34.47
98.50126311928034,442097664,34.5
98.60171854868531,442359808,34.53
98.70210741646588,442359808,34.56
98.80278965458274,442359808,34.59
98.90358481369913,442359808,34.61
99.00678876973689,442359808,34.64
99.10738046094775,442359808,34.66
99.20784353837371,442359808,34.69
99.3083162959665,442753024,34.72
99.40871488116682,442753024,34.74
99.50918838195503,442753024,34.78
99.6095172278583,442753024,34.8
99.70996424555779,442753024,34.84
99.81054832600057,443146240,34.87
99.91159528680146,443146240,34.9
100.01201661489904,443146240,34.94
100.11240890994668,443146240,34.98
100.2128197774291,443146240,35.0
100.31323403865099,443146240,35.03
100.41357041336596,443539456,35.06
100.5147563777864,443539456,35.11
100.61524385400116,443539456,35.13
100.71561763435602,443932672,35.17
100.81601201742887,443932672,35.21
100.91634317673743,443932672,35.23
101.01670083403587,443932672,35.27
101.11787546612322,443932672,35.3
101.21843440644443,441577472,35.38
101.31880848295987,441839616,35.4
101.41922598145902,441839616,35.43
101.519572166726,441839616,35.47
101.6199995931238,441839616,35.51
101.72036895155907,441839616,35.56
101.8207195494324,441839616,35.61
101.9212946780026,441757696,35.69
102.02169575542212,441757696,35.74
102.1221472043544,441757696,35.76
102.22248288057745,441757696,35.79
102.32425075769424,441757696,35.81
102.42458290420473,442150912,35.84
102.52508577145636,442150912,35.87
102.62548509985209,442150912,35.9
102.72586345858872,442150912,35.93
102.82630913332105,442150912,35.96
102.92690179310739,442413056,36.01
103.02721945010126,442413056,36.05
103.12758998759091,442413056,36.09
103.22798699513078,442413056,36.12
103.33028634637594,442806272,36.17
103.43071302212775,442806272,36.2
103.5311333425343,442806272,36.23
103.63159734755754,442806272,36.27
103.73217142559588,442806272,36.3
103.83280322514474,443199488,36.34
103.93321102112532,443199488,36.39
104.0336552709341,443199488,36.42
104.13412915728986,443199488,36.46
104.23445223458111,443461632,36.5
104.33485471270978,443461632,36.55
104.43529946915805,443461632,36.58
104.5361515507102,443461632,36.61
104.6364918872714,443854848,36.64
104.73703332617879,443854848,36.68
104.83750929310918,443854848,36.72
104.93794334121048,443854848,36.73
105.03851013071835,443854848,36.73
105.13900397717953,444248064,36.76
105.23939771577716,444248064,36.8
105.33975829184055,444248064,36.83
105.44052112288773,444248064,36.87
105.5410277005285,428195840,36.96
105.64134802855551,428457984,37.02
105.74181803688407,428457984,37.06
105.84219519421458,428457984,37.09
105.9425466991961,428457984,37.12
106.04297807812691,428457984,37.16
106.14332388341427,428851200,37.17
106.24366562254727,428851200,37.2
106.34415568970144,428851200,37.22
106.44453006610274,428851200,37.26
106.54487473331392,428851200,37.3
106.6453161817044,429244416,37.35
106.74572505801916,429244416,37.39
106.84612161666155,429244416,37.43
106.94680312648416,429244416,37.47
107.04726508259773,429244416,37.47
107.1480537224561,429506560,37.5
107.2488421536982,429506560,37.55
107.34932908974588,429506560,37.58
107.44985160976648,429506560,37.61
107.55026713572443,429506560,37.64
107.65831097587943,429768704,37.67
107.7587292343378,428097536,37.77
107.85922124050558,428097536,37.79
107.95961328782141,428097536,37.83
108.06020653620362,428097536,37.87
108.1607286054641,428359680,37.91
108.26146482490003,428359680,37.94
108.36183797009289,428359680,37.98
108.46223699860275,428359680,38.03
108.56265930645168,428359680,38.03
108.66318126395345,428752896,38.07
108.76354363001883,428752896,38.11
108.86391558870673,428752896,38.15
108.96427215449512,428752896,38.19
109.06463686190546,428752896,38.19
109.1650311704725,429146112,38.22
109.2654752060771,429146112,38.27
109.36589095368981,429146112,38.31
109.46628075279295,429146112,38.33
109.56663493812084,429146112,38.33
109.66715448535979,429539328,38.36
109.76752626150846,429539328,38.39
109.86795386113226,429539328,38.44
109.96833103895187,429539328,38.47
110.06878519430757,429539328,38.48
110.1692110132426,429801472,38.52
110.269634809345,429801472,38.57
110.3700511585921,429801472,38.6
110.4703472238034,429801472,38.63
110.57074152119458,429801472,38.63
110.67134981043637,430194688,38.67
110.77166560664773,430194688,38.7
110.87206400185823,430194688,38.76
110.97246259078383,430194688,38.79
111.07297155074775,430194688,38.79
111.17334785312414,430587904,38.82
111.27372314222157,430587904,38.85
111.37616655416787,430587904,38.88
111.477169374004,430587904,38.88
111.57753992266953,430587904,38.92
111.67797755077481,430587904,38.96
111.77926891483366,434380800,39.01
111.87959701940417,429772800,39.13
111.97997818514705,429772800,39.17
112.08043330535293,429772800,39.21
112.1811931040138,429772800,39.25
112.28166753053665,430034944,39.29
112.38201949745417,430034944,39.32
112.48262386769056,430034944,39.37
112.58336545713246,430034944,39.4
112.68373944424093,430428160,39.45
112.78455109335482,430428160,39.5
112.88495098240674,430428160,39.54
112.98549065738916,430428160,39.56
113.08620210923254,430428160,39.56
113.18659820593894,430821376,39.6
113.28787337057292,430821376,39.63
113.38826184533536,430821376,39.66
113.48912487365305,430821376,39.69
113.58954512141645,430821376,39.72
113.68996959924698,431083520,39.75
113.79042256623507,431083520,39.8
113.89245608635247,431083520,39.83
113.99283907189965,431083520,39.87
114.09335591085255,431345664,39.9
114.19406051002443,431476736,39.94
114.29478538967669,431476736,39.97
114.39525867812335,431476736,40.0
114.49563270248473,431476736,40.01
114.5964359138161,431476736,40.05
114.69722333364189,431476736,40.07
114.79818115383387,431476736,40.07
114.89899195358157,431476736,40.09
114.99936857074499,431738880,40.11
115.10010666958988,431738880,40.12
115.20078499801457,431738880,40.14
115.30229517444968,431738880,40.14
115.4052301980555,431738880,40.14
115.5055715534836,431738880,40.16
115.60647082515061,431738880,40.18
115.70688296295702,431738880,40.19
115.80725640058517,431738880,40.21
115.9076461661607,431738880,40.23
116.00808957405388,431738880,40.25
116.10921927541494,431738880,40.27
116.20965052396059,431738880,40.29
116.31009754166007,432132096,40.33
116.4106639586389,432132096,40.35
116.51111524552107,432132096,40.37
116.61320486478508,432132096,40.38
116.7135709412396,432132096,40.4
116.81432542018592,432132096,40.4
116.91468827798963,432132096,40.42
117.01517875492573,432132096,40.45
117.11552933044732,432132096,40.47
117.21615144982934,431714304,40.53
117.31655813753605,432107520,40.59
117.41697121411562,432107520,40.62
117.51780848577619,432107520,40.65
117.61819764971733,432107520,40.67
117.71896511875093,432107520,40.7
117.81937122531235,432107520,40.71
117.91972112469375,432107520,40.73
118.02015645988286,432369664,40.76
118.1205208580941,432369664,40.77
118.22100955620408,432369664,40.79
118.32159084454179,432369664,40.82
118.42204751260579,432369664,40.82
118.52317490242422,432369664,40.85
118.62356252968311,432369664,40.87
118.72407367825508,432369664,40.89
118.82450817339122,432369664,40.92
118.92498954199255,432762880,40.95
119.02558978274465,432762880,40.97
119.1262502707541,432762880,41.0
119.22664327733219,432762880,41.03
119.3272465635091,432762880,41.05
119.42762694135308,432762880,41.08
119.52804399840534,432762880,41.1
119.62841403484344,433156096,41.14
119.72881415486336,433156096,41.16
119.82931395061314,433156096,41.18
119.92990894801915,433156096,41.2
120.03026029653847,433156096,41.24
120.130644954741,433156096,41.27
120.23129964992404,433549312,41.3
120.33164874836802,433549312,41.34
120.4320869743824,433549312,41.37
120.53247705288231,433549312,41.41
120.63309360295534,433549312,41.44
120.73403964936733,433811456,41.48
120.83449782803655,433811456,41.52
120.93485160544515,433811456,41.55
121.03524122945964,433811456,41.59
121.13558090850711,434204672,41.64
121.23600902594626,434204672,41.68
121.33636962249875,434204672,41.74
121.43676864914596,431837184,41.81
121.53720993734896,432099328,41.86
121.63842459768057,432099328,41.91
121.73882611654699,432099328,41.94
121.83923556283116,432099328,41.96
121.94989036768675,432492544,42.0
122.05025293678045,431788032,42.05
122.1506647337228,431788032,42.1
122.25107945874333,431788032,42.13
122.35141164623201,432050176,42.18
122.45182552188635,432050176,42.23
122.55222008936107,432050176,42.27
122.65256748534739,432443392,42.32
122.75306814350188,432443392,42.36
122.8534601405263,432443392,42.4
122.95382525771856,432705536,42.42
123.05420291423798,432705536,42.45
123.1551607940346,432705536,42.47
123.25557962246239,432705536,42.51
123.3561444375664,432705536,42.55
123.45647317543626,432705536,42.59
123.55684027262032,432705536,42.64
123.65721337869763,432705536,42.68
123.75756353512406,432836608,42.77
123.85854998603463,433229824,42.8
123.95906855352223,433229824,42.84
124.05962809175253,433229824,42.86
124.16003523766994,433229824,42.91
124.26047946512699,433229824,42.94
124.36088651232421,433623040,42.99
124.4612426571548,433623040,43.03
124.56163936667144,433623040,43.07
124.66235124692321,433623040,43.12
124.76271932199597,434016256,43.15
124.86309647746384,434016256,43.2
124.96457366272807,434016256,43.22
125.06513207964599,434016256,43.27
125.16558446548879,434016256,43.28
125.2660889737308,431984640,43.34
125.36641255021095,432246784,43.41
125.46683701872826,432246784,43.44
125.56718153320253,432246784,43.48
125.66759102232754,432246784,43.52
125.76797787845135,432508928,43.55
125.86831191368401,432508928,43.57
125.96867248229682,432508928,43.6
126.06977925263345,432508928,43.62
126.17014133743942,432508928,43.66
126.27052047662437,432902144,43.7
126.37097117118537,432902144,43.75
126.4713953603059,432902144,43.8
126.57173235714436,433295360,43.85
126.67221004143357,433295360,43.9
126.77620597369969,433295360,43.96
126.8765955902636,431947776,44.06
126.97698281891644,431947776,44.11
127.07741612568498,431947776,44.16
127.17773653008044,432340992,44.2
127.27845047041774,432340992,44.24
127.37877066619694,432340992,44.29
127.47912626154721,432603136,44.34
127.5795121807605,432603136,44.39
127.67989448644221,432603136,44.44
127.78024102188647,432865280,44.49
127.8805988188833,432865280,44.53
127.98108454607427,432865280,44.57
128.0815110746771,433258496,44.61
128.181903000921,433258496,44.64
128.28233492560685,433258496,44.68
128.38264824263752,433258496,44.72
128.48306524939835,433651712,44.76
128.5836644973606,433651712,44.79
128.68405286595225,433651712,44.82
128.78442706167698,433651712,44.86
128.8848015088588,434044928,44.89
128.9851901344955,434044928,44.94
129.08589132130146,434044928,44.99
129.18623398058116,434438144,45.04
129.28660972602665,434438144,45.08
129.3870489820838,434438144,45.13
129.4874435197562,431980544,45.19
129.58786324597895,432242688,45.28
129.6882440429181,432242688,45.33
129.78864016011357,432242688,45.37
129.88908651843667,432635904,45.42
129.98946746252477,432635904,45.47
130.08982942067087,432635904,45.5
130.19026782549918,432635904,45.54
130.2908514533192,432898048,45.58
130.39117759093642,432898048,45.62
130.4915920663625,432898048,45.66
130.59411299042404,431890432,45.74
130.69449827447534,431800320,45.81
130.79501845128834,431800320,45.83
130.89536557719111,431800320,45.87
130.99580325558782,431800320,45.89
131.09623496234417,432193536,45.89
131.19662943854928,432193536,45.92
131.29708075523376,432193536,45.95
131.39741585217416,432193536,45.98
131.49785494059324,432193536,46.02
131.59833329729736,432193536,46.05
131.69884143397212,432193536,46.09
131.7991949301213,432586752,46.14
131.89955283887684,432586752,46.18
131.99989545345306,432586752,46.2
132.1002871375531,432586752,46.24
132.20068102516234,432586752,46.26
132.30127971433103,432979968,46.29
132.40178923122585,432979968,46.33
132.50223487056792,432979968,46.35
132.602605573833,432979968,46.39
132.70307690277696,432979968,46.42
132.80343358963728,433373184,46.47
132.90406904555857,433373184,46.51
133.00448039360344,433373184,46.56
133.10489026270807,433635328,46.59
133.20525516569614,433635328,46.64
133.30558205395937,433635328,46.68
133.4059934988618,433635328,46.72
133.5063781067729,431636480,46.82
133.60679191350937,431898624,46.84
133.70722804032266,431898624,46.88
133.80760162696242,431898624,46.92
133.90802985429764,431898624,46.97
134.00840383023024,431898624,46.97
134.1088236346841,432291840,46.98
134.20926272124052,432291840,47.02
134.30959475785494,432291840,47.06
134.40996497310698,432291840,47.1
134.5110857784748,432291840,47.13
134.61141999438405,432685056,47.14
134.71180211007595,432685056,47.16
134.81221879646182,432685056,47.18
134.91256360150874,432685056,47.22
135.01301167719066,432685056,47.25
135.11360888555646,432947200,47.27
135.21436567604542,432947200,47.29
135.31475261226296,432947200,47.31
135.41540629044175,432947200,47.35
135.51579158566892,432947200,47.37
135.6161855943501,432947200,47.41
135.71657440066338,433340416,47.45
135.81717124953866,433340416,47.49
135.9175735656172,433340416,47.52
136.01798930950463,433340416,47.57
136.11854832060635,433733632,47.58
136.21899651549757,433733632,47.62
136.31936546228826,433733632,47.66
136.41973828710616,433733632,47.72
136.5201447661966,433733632,47.73
136.62050560116768,433995776,47.75
136.72097391076386,433995776,47.79
136.8213453348726,433995776,47.83
136.92180458270013,433995776,47.88
137.02222146838903,431636480,47.96
137.1228286959231,431898624,47.98
137.22320057451725,431898624,48.02
137.3235185071826,431898624,48.07
137.4239903949201,431898624,48.11
137.52440301142633,431898624,48.11
137.62524384260178,432291840,48.13
137.72556723840535,432291840,48.16
137.82597342692316,432291840,48.19
137.92699816450477,432291840,48.23
138.0274125020951,432291840,48.26
138.1278808489442,432685056,48.28
138.22821776382625,432685056,48.32
138.32854877971113,432685056,48.36
138.42921071872115,432685056,48.39
138.5295986533165,432685056,48.42
138.63002766296268,433078272,48.44
138.73035260662436,433078272,48.49
138.83073379471898,433078272,48.53
138.93112152256072,431677440,48.63
139.03153018653393,431677440,48.63
139.13190182112157,431939584,48.66
139.23234192095697,431939584,48.7
139.33267569355667,431939584,48.76
139.43315666168928,431939584,48.78
139.53356265090406,431939584,48.78
139.63412116654217,432332800,48.8
139.73454383388162,432332800,48.84
139.83494105003774,432332800,48.87
139.93542705662549,432332800,48.91
140.03584062121809,432332800,48.91
140.13617633841932,432726016,48.92
140.236575236544,432726016,48.96
140.33695433288813,432726016,49.01
140.4375108294189,432726016,49.04
140.53796647675335,432726016,49.04
140.63829855248332,432988160,49.05
140.7386411074549,432988160,49.09
140.839114414528,432988160,49.15
140.9394636824727,432988160,49.16
141.03989730589092,432988160,49.16
141.14023115485907,433381376,49.18
141.24065268039703,433381376,49.21
141.34101093560457,433381376,49.24
141.44133831374347,433381376,49.29
141.54173738881946,433381376,49.33
141.64207891374826,433381376,49.38
141.74256773293018,433643520,49.42
141.84290970675647,433643520,49.47
141.94324038363993,433643520,49.52
142.0436319578439,431628288,49.62
142.14409502595663,431890432,49.66
142.24442757479846,431890432,49.7
142.34477027878165,431890432,49.75
142.44525309465826,431890432,49.78
142.54567860253155,431890432,49.78
142.64604234695435,432283648,49.8
142.74656119383872,432283648,49.85
142.847450254485,432283648,49.9
142.94790703058243,432283648,49.91
143.04827727749944,432283648,49.91
143.14865361340344,432676864,49.94
143.24936403147876,432676864,49.98
143.34968929737806,432676864,50.01
143.45021505467594,432676864,50.04
143.55062080919743,432676864,50.06
143.65100526809692,432939008,50.08
143.75142366439104,432939008,50.12
143.85177787020802,432939008,50.15
143.9521438460797,432939008,50.19
144.05257942155004,432939008,50.19
144.1530551109463,433332224,50.21
144.25337375327945,433332224,50.26
144.35526620224118,433332224,50.3
144.45613537169993,433332224,50.33
144.55807127803564,433332224,50.34
144.6584336142987,433725440,50.37
144.75881583057344,433725440,50.42
144.8592889457941,433725440,50.47
144.95967643149197,433725440,50.49
145.06018006242812,433725440,50.49
145.16056823544204,433987584,50.54
145.26096461340785,433987584,50.58
145.36132944747806,433987584,50.63
145.46167246438563,431570944,50.71
145.5621034298092,431570944,50.71
145.66248366609216,431833088,50.75
145.76289676316082,431833088,50.8
145.86328727006912,431833088,50.85
145.96370483748615,431833088,50.86
146.06412014178932,431833088,50.86
146.1644511707127,432226304,50.9
146.26486574485898,432226304,50.95
146.3652489501983,432226304,50.99
146.465617377311,432226304,51.02
146.56612412445247,432226304,51.02
146.6664523407817,432619520,51.06
146.76697349734604,432619520,51.11
146.8672843221575,432619520,51.16
146.96767897717655,432619520,51.18
147.06813661381602,432619520,51.18
147.1684869620949,433012736,51.22
147.26886247843504,433012736,51.25
147.37057276256382,433012736,51.25
147.4709832686931,433012736,51.29
147.57223466038704,433012736,51.36
147.67258838564157,432029696,51.44
147.7730501741171,432029696,51.48
147.8734425175935,432029696,51.51
147.97394855879247,432029696,51.55
148.0742976013571,432029696,51.55
148.1746249087155,432291840,51.57
148.27505084313452,432291840,51.6
148.3754362706095,432291840,51.65
148.4759022872895,432291840,51.69
148.57630988396704,432291840,51.71
148.6767319496721,432685056,51.76
148.77831506356597,432685056,51.8
148.87875537015498,432685056,51.83
148.97931020520627,432685056,51.85
149.0800196956843,432685056,51.87
149.18043248169124,432947200,51.91
149.28087705001235,432947200,51.95
149.3812202643603,432947200,52.0
149.48156714066863,432947200,52.02
149.58209098689258,432947200,52.02
149.68251244165003,433340416,52.05
149.78291601873934,433340416,52.07
149.8833705764264,433340416,52.11
149.98379726149142,433340416,52.14
150.0841542892158,433340416,52.17
150.18449498340487,433602560,52.21
150.2850133292377,433602560,52.24
150.38536901585758,433602560,52.26
150.48576268181205,433602560,52.3
150.58621071092784,433602560,52.35
150.68659374676645,433995776,52.37
150.78711814247072,433995776,52.41
150.88750419020653,433995776,52.44
150.9882129151374,433995776,52.49
151.08866516314447,431587328,52.57
151.1890824176371,431849472,52.6
151.28947401605546,431849472,52.63
151.38983971066773,431849472,52.66
151.4902051575482,431849472,52.71
151.59052227437496,431849472,52.75
151.69104966148734,431849472,52.79
151.79145862534642,431943680,52.88
151.89180602133274,431943680,52.92
151.99219961836934,431943680,52.96
152.09288755618036,431943680,53.0
152.1932258028537,432205824,53.04
152.2936081085354,432205824,53.07
152.3941290937364,432205824,53.12
152.49454981088638,432205824,53.13
152.59521377831697,432599040,53.14
152.69559746608138,432599040,53.18
152.79604210145772,432599040,53.23
152.896393077448,432599040,53.27
152.9968434739858,432599040,53.29
153.09726019762456,432992256,53.3
153.19774823635817,432992256,53.33
153.29812338203192,432992256,53.35
153.39905066229403,432992256,53.39
153.4993445686996,432992256,53.41
153.60009896568954,433385472,53.46
153.70041250251234,433385472,53.5
153.80078906565905,433385472,53.54
153.9011227544397,433385472,53.59
154.00152821093798,433385472,53.6
154.10473298467696,433647616,53.61
154.20512448064983,433647616,53.65
154.30554247647524,433647616,53.69
154.40598329156637,433647616,53.73
154.50636735744774,433647616,53.75
154.60676457360387,434040832,53.76
154.70716059021652,434040832,53.8
154.8076931182295,434040832,53.85
154.90810643322766,434040832,53.89
155.00849333964288,434040832,53.9
155.1089070457965,434434048,53.92
155.20929984934628,434434048,53.95
155.30975622870028,434434048,54.0
155.41040629334748,434434048,54.03
155.51089862175286,431980544,54.09
155.61125996895134,432242688,54.16
155.7116316948086,432242688,54.21
155.81205235794187,432242688,54.25
155.9125654064119,432242688,54.3
156.0130546335131,432242688,54.31
156.11348321847618,432635904,54.32
156.21395316533744,432635904,54.36
156.3145991731435,432635904,54.39
156.41503264941275,432635904,54.43
156.51544695533812,432635904,54.47
156.6158942617476,433029120,54.49
156.71621062792838,433029120,54.52
156.8165695425123,433029120,54.57
156.91697489842772,433029120,54.61
157.0174261853099,433029120,54.63
157.1178596019745,433422336,54.64
157.2182381171733,433422336,54.68
157.31864023394883,433422336,54.71
157.4190116804093,433422336,54.74
157.51939104683697,431685632,54.82
157.61988025158644,431947776,54.85
157.72030232846737,431947776,54.88
157.82064708136022,431947776,54.92
157.92103653773665,431947776,54.96
158.02147215604782,431947776,54.96
158.12191254273057,432340992,54.98
158.2226781602949,432340992,55.02
158.32310455851257,432340992,55.06
158.4239714257419,432340992,55.09
158.524445572868,432340992,55.09
158.62646364979446,432603136,55.12
158.72682869434357,432603136,55.15
158.82724001072347,432603136,55.18
158.927725257352,432603136,55.22
159.0283368639648,432603136,55.25
159.12977527827024,432996352,55.28
159.23058268614113,432996352,55.31
159.3310040421784,432996352,55.34
159.43146567046642,432996352,55.38
159.53186391480267,432996352,55.41
159.63225794956088,433389568,55.43
159.73263941518962,433389568,55.47
159.83307742141187,433389568,55.49
159.93362781777978,433389568,55.52
160.03411446511745,433389568,55.56
160.13445988111198,433782784,55.59
160.2349532674998,433782784,55.62
160.33537189476192,433782784,55.65
160.4357224199921,433782784,55.69
160.53660305775702,433782784,55.72
160.6372597385198,434044928,55.75
160.73758538253605,434044928,55.77
160.83797638863325,434044928,55.81
160.93925430066884,434044928,55.86
161.0397216565907,431587328,55.93
161.14009928144515,431849472,55.97
161.2404390387237,431849472,56.0
161.3407569117844,431849472,56.02
161.44111068546772,431849472,56.06
161.54150304198265,431849472,56.09
161.64186115004122,431849472,56.13
161.7422199137509,432242688,56.21
161.84271352179348,431939584,56.27
161.94312374666333,431939584,56.31
162.04344195127487,431939584,56.35
162.1438595186919,432201728,56.38
162.2442409414798,432201728,56.41
162.34533294662833,432201728,56.45
162.44616031460464,432201728,56.49
162.54655827768147,432201728,56.51
162.6484087947756,432594944,56.53
162.7489121425897,432594944,56.57
162.84921280667186,432594944,56.61
162.94953902252018,432594944,56.66
163.04998435080051,432594944,56.67
163.15039863437414,432988160,56.7
163.2508393395692,432988160,56.74
163.35122461616993,432988160,56.79
163.45161438174546,432988160,56.83
163.5520516578108,432988160,56.83
163.65245197340846,433250304,56.87
163.75290654040873,433250304,56.91
163.85320182330906,433250304,56.95
163.95350755751133,433250304,56.99
164.05391069315374,433250304,56.99
164.15424594283104,433643520,57.02
164.25457714684308,433643520,57.06
164.35499945282936,433643520,57.11
164.45539508759975,433643520,57.14
164.5557505339384,433643520,57.14
164.65625824034214,434036736,57.18
164.75660431571305,434036736,57.22
164.8570099901408,434036736,57.27
164.9574040863663,434036736,57.29
165.05787147395313,434036736,57.29
165.1582787372172,434298880,57.32
165.2586609032005,434298880,57.35
165.35902087949216,434298880,57.4
165.45940164662898,434298880,57.44
165.55989821255207,431931392,57.53
165.66027543880045,432193536,57.57
165.76062492281199,432193536,57.58
165.8610068578273,432193536,57.62
165.96135907433927,432193536,57.66
166.06179914996028,432193536,57.66
166.16224203631282,432586752,57.7
166.26262385211885,432586752,57.74
166.36296593770385,432586752,57.78
166.46350055374205,432586752,57.8
166.56388111039996,432586752,57.8
166.66434015333652,432979968,57.83
166.7647926211357,432979968,57.88
166.86522164568305,432979968,57.93
166.96565568260849,432979968,57.93
167.06606782972813,432979968,57.93
167.1664270348847,433373184,57.97
167.2672718334943,433373184,58.0
167.3680870309472,433373184,58.04
167.46855666860938,433373184,58.08
167.56907166354358,431656960,58.16
167.66939474083483,432050176,58.2
167.77015546895564,432050176,58.23
167.87051445432007,432050176,58.27
167.97101910971105,432050176,58.31
168.07139228656888,432050176,58.32
168.17176976054907,432312320,58.36
168.27212972566485,432312320,58.4
168.37243310175836,432312320,58.45
168.4728251453489,432312320,58.47
168.57329378277063,432312320,58.47
168.6737582180649,432705536,58.52
168.77415597438812,432705536,58.56
168.8744708802551,432705536,58.6
168.97487031668425,432705536,58.61
169.07526164129376,432705536,58.61
169.17561188526452,433098752,58.65
169.27610105462372,433098752,58.69
169.37645396776497,433098752,58.69
169.47684570401907,433098752,58.73
169.57722309790552,433098752,58.76
169.6775681860745,433360896,58.8
169.77796416170895,433360896,58.84
169.878341646865,433360896,58.88
169.9787756614387,433360896,58.9
170.07921887747943,433360896,58.9
170.17956062220037,433754112,58.94
170.27999430894852,433754112,58.97
170.38030156493187,433754112,59.0
170.48073583096266,433754112,59.05
170.58114636689425,433754112,59.05
170.68163063004613,434147328,59.1
170.7820440866053,434147328,59.14
170.88252035342157,434147328,59.17
170.98306922987103,431779840,59.23
171.08350867591798,431779840,59.26
171.1839029416442,432041984,59.29
171.2846341598779,432041984,59.32
171.3850477859378,432041984,59.36
171.48546362295747,432041984,59.4
171.5858050454408,432041984,59.43
171.6862502526492,432041984,59.49
171.7865675073117,432304128,59.57
171.88689180277288,432148480,59.63
171.98721151798964,432148480,59.67
172.0875398144126,432148480,59.72
172.18786948733032,432410624,59.77
172.28821174241602,432410624,59.82
172.38855697773397,432410624,59.87
172.48896349407732,432410624,59.87
172.58937752991915,432410624,59.87
172.6897355131805,432672768,59.91
172.7904035411775,432672768,59.93
172.89081767760217,432672768,59.98
172.99183401837945,432672768,60.0
173.09266909770668,432672768,60.0
173.19307830184698,433065984,60.03
173.29350163787603,433065984,60.05
173.39401828683913,433065984,60.08
173.4944344293326,433065984,60.1
173.59722732193768,433065984,60.12
173.69815411046147,433065984,60.15
173.79930521175265,433065984,60.17
173.90116237848997,433328128,60.19
174.00168609432876,433328128,60.22
174.10216143727303,433328128,60.24
174.20287958532572,433328128,60.26
174.30432345718145,433328128,60.26
174.40636948682368,433328128,60.28
174.50786568783224,433328128,60.28
174.60827446356416,433328128,60.28
174.7093584947288,433328128,60.29
174.810103751719,433328128,60.3
174.91156685352325,433328128,60.3
175.0159951262176,433328128,60.3
175.11640684492886,433328128,60.3
175.21920580603182,433328128,60.3
175.32046383619308,433328128,60.31
175.42500819079578,433328128,60.31
175.52618594281375,433328128,60.32
175.62865119054914,433328128,60.33
175.73014488257468,433328128,60.33
175.8311796616763,433328128,60.35
175.9324525538832,433328128,60.35
176.03425443917513,433328128,60.35
176.13836785964668,433328128,60.36
176.23998935334384,433328128,60.36
176.3431906271726,433328128,60.37
176.44527858681977,433328128,60.39
176.54575386084616,433328128,60.39
176.64652868919075,433328128,60.4
176.75972067937255,433328128,60.4
176.86044311895967,433328128,60.4
176.96253502555192,433328128,60.41
177.06432978063822,433328128,60.43
177.16618748567998,433328128,60.43
177.2691934686154,433328128,60.45
177.36955321393907,433590272,60.46
177.47214425355196,433590272,60.48
177.57251943089068,433590272,60.5
177.67321656644344,433590272,60.51
177.77373187243938,433590272,60.52
177.874350650236,433590272,60.54
177.97590685263276,433590272,60.56
178.0791613459587,433590272,60.57
178.17960364185274,433590272,60.59
178.2803122997284,433590272,60.61
178.38061553426087,433590272,60.62
178.48244941048324,433590272,60.64
178.58315959759057,433590272,60.67
178.6836474649608,433590272,60.69
178.78558371029794,433590272,60.71
178.88603394664824,433590272,60.72
178.98648286238313,434114560,60.75
179.09009592793882,434114560,60.77
179.19089704565704,434114560,60.78
179.29217403754592,434114560,60.8
179.39301461353898,434114560,60.82
179.494106316939,434114560,60.83
179.59551028721035,434114560,60.86
179.6966953575611,434114560,60.87
179.79779287055135,434114560,60.89
179.89824048429728,434114560,60.91
179.99864874966443,434114560,60.92
180.0990829654038,434114560,60.93
180.19967096112669,434114560,60.94
180.30111308582127,434114560,60.95
180.40146452002227,434114560,60.95
180.50188425555825,434114560,60.97
180.60344102792442,434507776,61.0
180.7039908543229,434507776,61.02
180.8043636009097,434507776,61.03
180.90582833439112,434507776,61.06
181.0085255932063,434507776,61.08
181.1091397702694,434507776,61.08
181.21037798933685,434507776,61.1
181.31172068230808,434507776,61.12
181.41220258921385,434507776,61.14
181.51276170648634,434507776,61.16
181.61418933793902,434507776,61.16
181.71537483856082,434507776,61.17
181.8158952947706,434507776,61.19
181.91632243990898,434507776,61.21
182.01701745018363,434507776,61.22
182.11813531070948,434507776,61.24
182.2190974187106,432041984,61.33
182.31996829621494,432304128,61.36
182.42032812163234,432304128,61.39
182.5213884022087,432304128,61.41
182.6218305453658,432304128,61.44
182.722230611369,432304128,61.46
182.82265977747738,432304128,61.48
182.9230474215001,432304128,61.5
183.0235002078116,432304128,61.52
183.12415299378335,432304128,61.53
183.22456249035895,432304128,61.55
183.3254866693169,432566272,61.57
183.42610440589488,432566272,61.58
183.5265362020582,432566272,61.6
183.62772937491536,432566272,61.62
183.7281626779586,432566272,61.64
183.83024951443076,432566272,61.64
183.93065283074975,432566272,61.66
184.03107730671763,432566272,61.67
184.13253955729306,432566272,61.68
184.2330738864839,432566272,61.7
184.3337533827871,432566272,61.72
184.4342316687107,432959488,61.75
184.5352673381567,432959488,61.76
184.6356734931469,432959488,61.78
184.73609642870724,432959488,61.8
184.8372877575457,432959488,61.82
184.937670243904,432959488,61.85
185.03855420276523,432959488,61.87
185.1402381453663,432959488,61.89
185.24063748121262,432959488,61.9
185.34105810523033,433352704,61.92
185.4423039983958,433352704,61.95
185.54269273392856,433352704,61.97
185.64450061880052,433352704,61.98
185.74702959880233,433352704,62.0
185.84737489372492,433352704,62.02
185.947743518278,433352704,62.04
186.04926624149084,433352704,62.06
186.15051043219864,433352704,62.09
186.25104523822665,431951872,62.19
186.35144770145416,431951872,62.21
186.45213315077126,431951872,62.23
186.55310316942632,431951872,62.23
186.65503016673028,431951872,62.26
186.75543981045485,431951872,62.28
186.8566473312676,431951872,62.31
186.95710230618715,431951872,62.33
187.05829248577356,431951872,62.35
187.1589787248522,431951872,62.37
187.26129821315408,432345088,62.41
187.36162348650396,432345088,62.44
187.46201758272946,432345088,62.48
187.56240552663803,432345088,62.51
187.66277568228543,432345088,62.55
187.76319922879338,432738304,62.59
187.864476358518,432738304,62.63
187.96510627679527,432738304,62.66
188.0655025895685,432738304,62.71
188.16602926515043,433000448,62.75
188.26676836423576,433000448,62.77
188.36740417219698,433000448,62.8
188.4677336551249,433000448,62.81
188.56810436211526,433000448,62.84
188.66848401539028,433000448,62.88
188.76938515342772,433393664,62.92
188.8697471022606,433393664,62.95
188.9702924657613,433393664,62.99
189.0711430069059,433393664,62.99
189.17184091173112,433393664,63.02
189.27226772531867,433393664,63.05
189.37262768112123,433655808,63.1
189.47301125712693,433655808,63.14
189.57341685146093,433655808,63.18
189.67386105842888,434049024,63.23
189.77424029447138,434049024,63.27
189.87458633817732,434049024,63.31
189.97499576210976,434442240,63.34
190.0764250252396,434442240,63.36
190.17676401883364,434442240,63.39
190.2771983332932,434442240,63.4
190.3775861300528,434442240,63.44
190.47800237312913,434442240,63.47
190.57877915352583,434442240,63.51
190.6791834384203,434442240,63.55
190.779886206612,435654656,63.61
190.88021408952773,431276032,63.69
190.98253221809864,431276032,63.73
191.0830266047269,431276032,63.75
191.1834038887173,431276032,63.79
191.28465016931295,431276032,63.83
191.38519437611103,431276032,63.85
191.4856066815555,431538176,63.88
191.5860053356737,431538176,63.91
191.68635674007237,431538176,63.93
191.78677000664175,431538176,63.95
191.88721339218318,431538176,63.98
191.98755069635808,431538176,64.01
192.08800780959427,431931392,64.05
192.18855207785964,431931392,64.07
192.289046254009,431931392,64.09
192.38949651829898,431931392,64.13
192.49000621400774,431931392,64.15
192.59048338234425,431931392,64.19
192.69091525487602,432324608,64.24
192.79126592166722,432324608,64.26
192.89187305793166,432324608,64.3
192.9922712519765,432324608,64.33
193.09307575970888,432586752,64.4
193.19415155798197,430915584,64.46
193.29455804638565,430915584,64.48
193.39489337056875,430915584,64.53
193.49539104662836,430915584,64.56
193.5957954414189,431177728,64.61
193.69624038599432,431177728,64.65
193.79666163027287,431177728,64.69
193.89707107655704,431177728,64.73
193.99745018966496,431570944,64.77
194.09789218567312,431570944,64.82
194.1982824523002,431570944,64.86
194.29864105582237,431570944,64.89
194.40031420998275,431964160,64.94
194.5006807334721,431964160,64.97
194.60115372017026,431964160,65.01
194.70152995362878,431964160,65.06
194.802067482844,432357376,65.09
194.9032270424068,432357376,65.12
195.00363101623952,432357376,65.17
195.10422642156482,432357376,65.19
195.20461427792907,432619520,65.23
195.30507425405085,432619520,65.26
195.40545360744,432619520,65.29
195.50589151121676,432619520,65.32
195.60637865029275,432619520,65.34
195.70676552131772,432619520,65.34
195.8071485683322,432619520,65.36
195.90819752775133,433012736,65.4
196.01086306758225,433012736,65.42
196.11124712228775,433012736,65.45
196.21166909858584,433012736,65.48
196.31214889325202,433012736,65.51
196.412545889616,433274880,65.54
196.51294318400323,433274880,65.56
196.61352019011974,433274880,65.58
196.71408370696008,433274880,65.61
196.81449899077415,433274880,65.65
196.91495674662292,432910336,65.7
197.01533292979002,433172480,65.78
197.11579502746463,433172480,65.8
197.21620350144804,433172480,65.84
197.3165934663266,433172480,65.86
197.41741358675063,433172480,65.9
197.51801872253418,433565696,65.94
197.62231237255037,433565696,65.97
197.72278829850256,433565696,66.0
197.82316698133945,433565696,66.03
197.9236844778061,433565696,66.08
198.0244758259505,433958912,66.14
198.12486878223717,433958912,66.16
198.22539091855288,433958912,66.19
198.32608875446022,433958912,66.23
198.4266819395125,434221056,66.28
198.52712181583047,434221056,66.31
198.62750552222133,434221056,66.35
198.7280163373798,434221056,66.39
198.8283525109291,434221056,66.42
198.928715525195,432939008,66.52
199.02917391061783,432939008,66.57
199.1298265978694,432939008,66.6
199.23035425320268,432939008,66.62
199.33129989169538,432939008,66.65
199.43176181800663,432939008,66.69
199.53235655464232,432939008,66.71
199.63269387744367,433201152,66.76
199.7331904731691,433201152,66.78
199.83412608131766,433201152,66.8
199.93452443741262,433201152,66.84
200.03499431163073,433201152,66.87
200.13540038652718,433594368,66.91
200.2357799746096,433594368,66.94
200.33623855747283,433594368,66.98
200.4366285726428,433594368,67.01
200.53702079877257,433594368,67.04
200.6374425329268,433987584,67.08
200.7384254615754,433987584,67.11
200.83884020522237,433987584,67.14
200.93920108117163,433987584,67.15
201.04006303846836,433987584,67.18
201.14041758328676,433987584,67.21
201.24080483801663,433987584,67.25
201.3411600627005,433987584,67.29
201.44149649888277,434380800,67.33
201.54185517132282,434380800,67.39
201.64219487644732,434380800,67.43
201.74254154227674,434642944,67.47
201.84307991713285,434642944,67.53
201.9437290839851,434642944,67.56
202.04437148943543,435036160,67.64
202.14469617418945,432979968,67.72
202.24506630934775,432979968,67.74
202.34544668346643,432979968,67.78
202.4461038503796,432979968,67.81
202.54677927866578,432979968,67.83
202.64710935018957,433373184,67.88
202.74775068834424,433373184,67.91
202.84815543331206,433373184,67.94
202.9485374186188,433373184,67.99
203.04905954189599,433635328,68.03
203.14960414916277,433635328,68.05
203.25017140619457,433635328,68.09
203.35057264193892,433635328,68.12
203.4512038975954,434028544,68.16
203.55459420196712,434028544,68.21
203.65513223782182,434028544,68.23
203.75553080253303,434028544,68.28
203.8560073878616,434028544,68.32
203.95646005310118,434421760,68.35
204.05705781839788,434421760,68.38
204.15744840353727,434421760,68.4
204.25782473757863,434421760,68.43
204.35823120176792,434421760,68.47
204.45857722871006,434683904,68.5
204.55899237282574,434683904,68.55
204.6595349498093,434683904,68.6
204.7599408812821,434683904,68.64
204.86032279767096,434946048,68.69
204.9607442226261,434946048,68.72
205.06147026084363,434946048,68.76
205.16194054484367,434946048,68.79
205.2623316384852,435339264,68.83
205.36269803345203,435339264,68.86
205.4630835801363,435339264,68.87
205.56345468387008,435339264,68.91
205.66473578475416,435339264,68.95
205.7652467302978,432930816,69.03
205.86581996642053,433192960,69.08
205.96745763719082,433192960,69.12
206.06790429353714,433192960,69.15
206.16923557408154,433192960,69.18
206.2695597782731,433586176,69.23
206.3699670229107,433586176,69.27
206.47035359032452,433586176,69.3
206.57076784409583,433979392,69.36
206.6711539104581,433979392,69.4
206.77165331318974,433979392,69.44
206.87202049791813,434372608,69.52
206.9724021013826,432979968,69.59
207.07287479750812,432979968,69.62
207.17329481430352,432979968,69.66
207.27362691797316,433373184,69.71
207.3740936741233,433373184,69.75
207.47453521750867,433373184,69.79
207.57490546256304,433373184,69.83
207.67521443776786,433635328,69.87
207.7755661904812,433635328,69.91
207.8759916368872,433635328,69.96
207.9763137307018,433897472,70.0
208.07669010572135,433897472,70.05
208.17706998065114,433897472,70.09
208.27746093459427,434290688,70.14
208.37789493054152,434290688,70.18
208.47824366390705,434290688,70.22
208.5786212477833,434290688,70.26
208.67905545420945,434683904,70.29
208.77967807091773,434683904,70.31
208.88011596351862,434683904,70.34
208.9805304184556,434683904,70.36
209.08110479451716,434683904,70.37
209.18161996081471,434683904,70.39
209.28203133493662,434683904,70.41
209.38234791718423,434683904,70.43
209.48267586156726,435077120,70.46
209.58317998796701,435077120,70.48
209.68352030217648,435077120,70.5
209.78390968590975,435077120,70.52
209.8842434026301,435077120,70.57
209.98461501672864,435077120,70.6
210.08562208525836,435077120,70.64
210.18613604269922,435077120,70.67
210.28655968606472,432979968,70.75
210.38696576096117,432979968,70.82
210.48730483464897,432979968,70.85
210.5878724399954,432979968,70.87
210.68822157382965,432979968,70.91
210.78853365778923,432979968,70.93
210.88894600234926,433373184,70.98
210.9892852269113,433373184,71.02
211.08965125121176,433373184,71.06
211.19005808606744,433373184,71.09
211.29045180231333,433635328,71.14
211.3912427779287,433635328,71.17
211.49160329438746,433635328,71.21
211.5920413080603,432025600,71.26
211.69385797157884,432025600,71.29
211.79510666243732,432287744,71.32
211.89550106599927,432287744,71.34
211.99595387279987,432287744,71.37
212.09638119861484,432287744,71.4
212.19680862128735,432287744,71.43
212.2972331251949,432287744,71.45
212.39765004254878,432680960,71.5
212.49801178649068,432680960,71.54
212.598487181589,432680960,71.58
212.6989533752203,432680960,71.62
212.79981784150004,433074176,71.66
212.90032291039824,433074176,71.7
213.00078351423144,433074176,71.71
213.10117679834366,433074176,71.75
213.2015158738941,433336320,71.79
213.30189214646816,433336320,71.81
213.40221817232668,433336320,71.85
213.50260683521628,433336320,71.89
213.6030020825565,433729536,71.93
213.7033938653767,433729536,71.97
213.80378559976816,433729536,72.02
213.9042049255222,431325184,72.06
214.00462531857193,431587328,72.15
214.10512840375304,431587328,72.19
214.20546461828053,431587328,72.23
214.30585103482008,431587328,72.27
214.40619782544672,431849472,72.32
214.50723075680435,431849472,72.35
214.6076168026775,431849472,72.39
214.7080053333193,431849472,72.43
214.80836492963135,432242688,72.47
214.90874522551894,432242688,72.51
215.0091279577464,432242688,72.55
215.10954658314586,432635904,72.59
215.20994525775313,432635904,72.63
215.31028388254344,432635904,72.66
215.41061165556312,432635904,72.7
215.51123992167413,431316992,72.79
215.6116331052035,431316992,72.84
215.7123165745288,431316992,72.87
215.81263473816216,431316992,72.91
215.91302831284702,431316992,72.95
216.01341829821467,431579136,72.99
216.1138284020126,431579136,73.03
216.2142528258264,431579136,73.06
216.3145919404924,431579136,73.09
216.41498747467995,431972352,73.14
216.51544661074877,431972352,73.16
216.61579604446888,431972352,73.19
216.71690259315073,431972352,73.22
216.81724120862782,432365568,73.27
216.9175593815744,432365568,73.31
217.01801218651235,432365568,73.34
217.11833158135414,432627712,73.38
217.21888241544366,432627712,73.42
217.31919079087675,432627712,73.45
217.41955039463937,432627712,73.48
217.51988719776273,433020928,73.53
217.62055391445756,433020928,73.56
217.7210208401084,433020928,73.59
217.8213916849345,433020928,73.62
217.92171336524189,433020928,73.64
218.02214020118117,433414144,73.68
218.12256818637252,433414144,73.7
218.2234670855105,433414144,73.74
218.3241897020489,433414144,73.76
218.42456846684217,433414144,73.8
218.52617973089218,433414144,73.83
218.62656687386334,433676288,73.86
218.72703877091408,433676288,73.88
218.82758634537458,433676288,73.91
218.92797707766294,433676288,73.94
219.02832844294608,433676288,73.97
219.1293903812766,433676288,74.0
219.22977815568447,433676288,74.04
219.3302667029202,433676288,74.06
219.43122541718185,433676288,74.09
219.54358705319464,433180672,74.18
219.64416646957397,433180672,74.26
219.74460403434932,433180672,74.28
219.8450173381716,433180672,74.31
219.94596900604665,433180672,74.34
220.04637142270803,433180672,74.36
220.14688029885292,433180672,74.39
220.24724924191833,433442816,74.42
220.3476422354579,433442816,74.46
220.44801867939532,433442816,74.49
220.54831788130105,433442816,74.54
220.64874643832445,433836032,74.58
220.7491053417325,433836032,74.62
220.84945113770664,433836032,74.67
220.94987810216844,434229248,74.71
221.0503201559186,434229248,74.76
221.15078520961106,434229248,74.79
221.25156965851784,434229248,74.82
221.352024262771,434491392,74.87
221.4524265471846,434491392,74.91
221.5528169721365,434491392,74.95
221.6533353254199,434884608,74.98
221.7537991218269,434884608,75.03
221.85499886237085,434884608,75.08
221.95626325160265,435277824,75.09
222.05666263774037,435277824,75.13
222.15712360292673,435277824,75.16
222.25754799693823,435277824,75.19
222.3581428900361,435277824,75.22
222.45852380618453,435671040,75.26
222.55895630083978,435671040,75.31
222.65928475372493,435671040,75.35
222.75977187789977,433246208,75.4
222.86016906425357,433508352,75.48
222.96050887741148,433508352,75.53
223.06125972419977,433508352,75.57
223.16160590946674,433901568,75.62
223.26203329488635,433901568,75.67
223.36242825724185,433901568,75.71
223.4627835098654,434294784,75.76
223.56312021426857,434294784,75.81
223.66356042027473,434294784,75.86
223.7639131732285,434556928,75.91
223.86426553875208,434556928,75.96
223.9646766744554,434556928,75.99
224.06512939743698,434556928,76.04
224.1654956229031,434950144,76.09
224.2658654358238,434950144,76.1
224.3662727382034,434950144,76.14
224.4666644334793,434950144,76.18
224.56709997728467,435343360,76.22
224.66743129491806,435343360,76.26
224.7678217254579,435343360,76.31
224.8684685640037,435605504,76.34
224.9688866380602,435605504,76.39
225.06928615272045,435605504,76.42
225.169628335163,435605504,76.46
225.27025563269854,433188864,76.55
225.3707103971392,433451008,76.6
225.4711230508983,433451008,76.65
225.57149511389434,433844224,76.7
225.6720254905522,433844224,76.74
225.7724433466792,433844224,76.78
225.87280857749283,433844224,76.82
225.97327016480267,434630656,76.87
226.07358464598656,434761728,76.9
226.17399655282497,434761728,76.93
226.2744022589177,434761728,76.98
226.37514341436327,434495488,77.06
226.47552698664367,434495488,77.11
226.5759146027267,434495488,77.16
226.67646332643926,434757632,77.21
226.77684465050697,434757632,77.24
226.87727721594274,434757632,77.27
226.9776477497071,434757632,77.32
227.07810555398464,434757632,77.36
227.17844682745636,434757632,77.39
227.27898108400404,434757632,77.39
227.37935313768685,434757632,77.42
227.48008134402335,435150848,77.44
227.58041976578534,435150848,77.47
227.6807659715414,435150848,77.52
227.78117240592837,435544064,77.56
227.88153319992125,435544064,77.6
227.9819187540561,435544064,77.64
228.08255635015666,435544064,77.68
228.18290156312287,435937280,77.72
228.28329443000257,435937280,77.76
228.3836700413376,435937280,77.8
228.48414647765458,436199424,77.84
228.58451260253787,436199424,77.88
228.684974886477,436199424,77.93
228.78537482954562,436199424,77.97
228.8857646267861,436592640,78.02
228.98616073839366,436592640,78.06
229.0865942016244,436592640,78.1
229.18731104955077,436985856,78.15
229.28776153363287,436985856,78.18
229.38814737088978,436985856,78.23
229.48858359456062,434696192,78.29
229.58904909715056,434958336,78.37
229.68940290994942,434958336,78.41
229.78981494531035,434958336,78.45
229.89045258238912,434958336,78.49
229.99080007523298,435220480,78.54
230.09123441018164,435220480,78.57
230.19195138663054,435220480,78.61
230.29279475472867,435220480,78.63
230.39315934851766,435613696,78.66
230.49348960258067,435613696,78.71
230.59387257695198,435613696,78.73
230.69815999642015,435875840,78.81
230.79851816035807,434556928,78.88
230.8993130773306,434556928,78.92
230.9996564220637,434556928,78.97
231.1002068966627,434819072,79.02
231.200548177585,434819072,79.07
231.30091614462435,435212288,79.13
231.40150984935462,435605504,79.18
231.5019745733589,435605504,79.23
231.60234667733312,435605504,79.27
231.70280464179814,435867648,79.31
231.8032827451825,435867648,79.35
231.90362285077572,435867648,79.38
232.0040478259325,435867648,79.42
232.1047041323036,436260864,79.45
232.2052590660751,436260864,79.49
232.30605195462704,436260864,79.53
232.40635419636965,436260864,79.57
232.51016584411263,436654080,79.6
232.61074385792017,436654080,79.65
232.71111813373864,436654080,79.69
232.811478106305,436654080,79.72
232.91190815158188,437047296,79.76
233.01248116604984,437047296,79.81
233.1145927514881,437047296,79.84
233.2150484379381,437047296,79.87
233.3171871136874,437047296,79.9
233.41756918653846,437309440,79.93
233.51800164207816,437309440,79.97
233.6183529254049,437309440,80.0
233.71906566247344,437309440,80.03
233.82036345265806,437309440,80.03
233.9206756260246,437309440,80.06
234.0211432799697,434864128,80.15
234.12155763432384,435126272,80.19
234.2221417799592,435126272,80.22
234.32246658205986,435126272,80.25
234.42302488721907,435126272,80.27
234.5242244079709,435126272,80.3
234.62459090165794,435519488,80.34
234.72537236846983,435519488,80.35
234.8257739134133,435519488,80.37
234.92619285732508,435519488,80.39
235.02863957360387,435519488,80.39
235.13082510232925,435519488,80.41
235.23121311329305,435519488,80.42
235.33225231431425,435519488,80.44
235.43408536538482,435519488,80.45
235.53528408519924,435519488,80.47
235.63787528686225,435519488,80.49
235.73836784996092,435519488,80.51
235.83877438493073,435519488,80.53
235.93912591785192,435912704,80.55
236.04351628944278,435912704,80.56
236.1441233549267,435912704,80.58
236.2457312680781,435912704,80.59
236.3486082777381,435912704,80.6
236.44914625398815,435912704,80.62
236.5495724659413,435912704,80.63
236.65024101361632,435912704,80.64
236.75227098725736,435912704,80.66
236.85294909402728,435912704,80.66
236.9536052402109,435912704,80.68
237.05497260950506,435912704,80.7
237.15545691549778,435912704,80.73
237.25589576922357,435912704,80.74
237.35629298351705,435912704,80.76
237.45679957792163,435912704,80.78
237.55721008218825,435912704,80.81
237.65806744992733,435912704,80.83
237.75840387493372,435912704,80.85
237.86126911453903,436305920,80.9
237.96162260882556,434941952,80.97
238.0621450226754,434941952,80.99
238.16253054514527,434941952,81.01
238.26383571885526,434941952,81.05
238.3646985348314,434941952,81.09
238.4661978855729,434941952,81.13
238.56657473742962,435204096,81.16
238.66705651395023,435204096,81.2
238.767420578748,435204096,81.25
238.86833185516298,435204096,81.28
238.96883426234126,435597312,81.31
239.06939120590687,435597312,81.34
239.17044830322266,435597312,81.37
239.2708214186132,435597312,81.41
239.37118611112237,435597312,81.44
239.47161151655018,435990528,81.48
239.57206762954593,435990528,81.52
239.67244510352612,435990528,81.56
239.77278324775398,435990528,81.59
239.8736711051315,436252672,81.63
239.97402297891676,436252672,81.66
240.07441366277635,436252672,81.7
240.17483817785978,436252672,81.74
240.27532986924052,436645888,81.78
240.3781284019351,436645888,81.79
240.4784571863711,436645888,81.82
240.5788887180388,436645888,81.85
240.67927325330675,437039104,81.91
240.77964466623962,437039104,81.95
240.88004894927144,437039104,81.99
240.98042637482285,437301248,82.05
241.08083093725145,437301248,82.09
241.18117760121822,437301248,82.14
241.28152510523796,434933760,82.23
241.3818897306919,435195904,82.29
241.48254431411624,435195904,82.33
241.58311839029193,435589120,82.39
241.68342871405184,435589120,82.44
241.78386861085892,435589120,82.49
241.88430106267333,435982336,82.53
241.98468378558755,435982336,82.58
242.08510980941355,435982336,82.62
242.18550761416554,435982336,82.65
242.28586483746767,436244480,82.7
242.38618926145136,436244480,82.74
242.48649968579412,436244480,82.79
242.58682527020574,436637696,82.85
242.6872109938413,436637696,82.89
242.7876090183854,436637696,82.94
242.88814178295434,436899840,82.99
242.98859881609678,436899840,83.03
243.08904805779457,436899840,83.08
243.18938328139484,436899840,83.1
243.2904068529606,434892800,83.2
243.3907344341278,434892800,83.24
243.4917709622532,434892800,83.27
243.59224788844585,434892800,83.31
243.69267556257546,435154944,83.36
243.79309595562518,435154944,83.4
243.89350935071707,435154944,83.44
243.9938717149198,435154944,83.48
244.0942448284477,435548160,83.52
244.19462904147804,435548160,83.56
244.29511136561632,435548160,83.6
244.39573370292783,435941376,83.65
244.49610782414675,435941376,83.69
244.59655693732202,435941376,83.73
244.69699819386005,435941376,83.77
244.79736649803817,436334592,83.82
244.89776584133506,436334592,83.86
244.99823071435094,436334592,83.91
245.09856902994215,436334592,83.94
245.19891151413321,436727808,83.98
245.29945829883218,436727808,84.01
245.39994249120355,436727808,84.05
245.50112483091652,436727808,84.07
245.6014831252396,436727808,84.1
245.70191382989287,436727808,84.14
245.80232944339514,436727808,84.18
245.9083079136908,456552448,84.27000000000001
246.00886509008706,434917376,84.42
246.1091988813132,434917376,84.46
246.20957292616367,434917376,84.5
246.31000317074358,434917376,84.55
246.41057489439845,435179520,84.58
246.5117569733411,435179520,84.62
246.6122896373272,435179520,84.66
246.7126736547798,435179520,84.7
246.8130784984678,435572736,84.74
246.91361594200134,435572736,84.79
247.01399094611406,435572736,84.83
247.1143531408161,435965952,84.87
247.21480996347964,435965952,84.91
247.31519239768386,435965952,84.96
247.4155302811414,435965952,85.0
247.51597348414361,436359168,85.05
247.61637979745865,436359168,85.09
247.71679192222655,436359168,85.12
247.81719370558858,436359168,85.15
247.9176113102585,436752384,85.18
248.0180407948792,436752384,85.22
248.11846170946956,436752384,85.25
248.22033275291324,436752384,85.29
248.32074793428183,436752384,85.31
248.42108920961618,437014528,85.36
248.52140830270946,437014528,85.39
248.62201963737607,437014528,85.42
248.72263176366687,437014528,85.47
248.82305787876248,437014528,85.5
248.9242071751505,434925568,85.59
249.02466440200806,434925568,85.62
249.12524294666946,434925568,85.66
249.22563511878252,434925568,85.68
249.32676647789776,434925568,85.72
249.4271931219846,435187712,85.77
249.5282104499638,435187712,85.79
249.62856728211045,435187712,85.83
249.72900233790278,435580928,85.87
249.82942922972143,435580928,85.91
249.92979818582535,435580928,85.96
250.03037082962692,435974144,86.0
250.13112985529006,435974144,86.04
250.23157089017332,435974144,86.09
250.33421171829104,436367360,86.14
250.4345633611083,434966528,86.22
250.53491434641182,434966528,86.27
250.63523267768323,434966528,86.31
250.7356007322669,434966528,86.35
250.83604496531188,435228672,86.39
250.93642731010914,435228672,86.44
251.03686778619885,435228672,86.47
251.13727107830346,435621888,86.52
251.23765332251787,435621888,86.56
251.33805261552334,435621888,86.59
251.43844291754067,435621888,86.64
251.53887639380991,436015104,86.68
251.63955068960786,436015104,86.72
251.73999002203345,436015104,86.76
251.84042619727552,436015104,86.79
251.94081384129822,436408320,86.83
252.04134248569608,436408320,86.86
252.14181773737073,436408320,86.87
252.24224608391523,436408320,86.89
252.342613177374,436408320,86.92
252.44428830966353,436408320,86.94
252.544878333807,436670464,87.0
252.64524157717824,436670464,87.02
252.74563241191208,436670464,87.07
252.84616188518703,436670464,87.11
252.94655225984752,436670464,87.15
253.04706725478172,437063680,87.2
253.14896393753588,437063680,87.24
253.24935190193355,437063680,87.27
253.34966991655529,437063680,87.3
253.45114889740944,437325824,87.33
253.55206106230617,437325824,87.36
253.65240794606507,437325824,87.4
253.75280329957604,437325824,87.45
253.85321535356343,435179520,87.53
253.95357089862227,435179520,87.56
254.05424908176064,435179520,87.6
254.15465841814876,435179520,87.63
254.25512969121337,435179520,87.68
254.35556135326624,435179520,87.72
254.45599561743438,435179520,87.75
254.55712503753603,434917376,87.85
254.65748046152294,434917376,87.89
254.75790965370834,434917376,87.93
254.85832671821117,434917376,87.97
254.9590012654662,435179520,88.02
255.05955624952912,435179520,88.06
255.16003918275237,435179520,88.07
255.26082728989422,435179520,88.09
255.36251385323703,435179520,88.12
255.46294948644936,435179520,88.15
255.56334524042904,435572736,88.2
255.6637852936983,435572736,88.23
255.76452901028097,435572736,88.26
255.86599580943584,435572736,88.3
255.96785364486277,435965952,88.34
256.06820311769843,435965952,88.38
256.1685723811388,435965952,88.42
256.26895169354975,435965952,88.46
256.36929587833583,436359168,88.52
256.46971493028104,436359168,88.56
256.57014633342624,436359168,88.6
256.6705505978316,436621312,88.65
256.77101091481745,436621312,88.7
256.87145558558404,436621312,88.71
256.9718299303204,436621312,88.74
257.0721946619451,437014528,88.79
257.1726195253432,437014528,88.83
257.2730238903314,437014528,88.86
257.3733739051968,437407744,88.91
257.4737580679357,437407744,88.95
257.5741894617677,437407744,88.98
257.6745850555599,437407744,89.03
257.77507950924337,434941952,89.1
257.8754341546446,435204096,89.16
257.9758246988058,435204096,89.2
258.0763771813363,435204096,89.24
258.17702424526215,435597312,89.29
258.27740680240095,435597312,89.33
258.3777292240411,435597312,89.38
258.4781286865473,435597312,89.43
258.5784919504076,435990528,89.47
258.6789984256029,435990528,89.52
258.77932288870215,435990528,89.56
258.87968598119915,436383744,89.63
258.98056401871145,434982912,89.69
259.08132355473936,434982912,89.74
259.18180792964995,434982912,89.78
259.28222188167274,435376128,89.83
259.38254741579294,435376128,89.88
259.48313841968775,435376128,89.92
259.58349872380495,435638272,89.97
259.68390519730747,435638272,90.01
259.7842287905514,435638272,90.06
259.88461065478623,435900416,90.1
259.9851664789021,435900416,90.15
260.08561702258885,435900416,90.19
260.1864214781672,435900416,90.23
260.2868834827095,436293632,90.28
260.38727549649775,436293632,90.33
260.4876691401005,436293632,90.37
260.58809984475374,436686848,90.43
260.6884931176901,436686848,90.47
260.7888610102236,436686848,90.49
260.8895417265594,437080064,90.54
260.98988736979663,437080064,90.59
261.0902282614261,437080064,90.63
261.19119773060083,437342208,90.68
261.2915348019451,437342208,90.73
261.3931138869375,437342208,90.77
261.4934607576579,434925568,90.85
261.5938606020063,435187712,90.9
261.69422937370837,435187712,90.93
261.79463871754706,435187712,90.98
261.89516833238304,435187712,91.02
261.9955112859607,435187712,91.07
262.09595322981477,435187712,91.11
262.19634247384965,434929664,91.19
262.29676391743124,434929664,91.23
262.3972463812679,434929664,91.28
262.49763677455485,434929664,91.32
262.59810579009354,435191808,91.38
262.6984803825617,435191808,91.42
262.79885702580214,435191808,91.46
262.8992516491562,435585024,91.5
262.9996268413961,435585024,91.54
263.1000387966633,435585024,91.57
263.2004050500691,435585024,91.62
263.30082379467785,435978240,91.66
263.4011739064008,435978240,91.7
263.50176485069096,435978240,91.73
263.60340780206025,436371456,91.77
263.7042364291847,436371456,91.8
263.8045891113579,436371456,91.84
263.9049376863986,436371456,91.87
264.005263088271,436371456,91.88
264.106264796108,436633600,91.89
264.20661737024784,436633600,91.94
264.30710739456117,436633600,91.98
264.40741462633014,436633600,92.02
264.50781819038093,436633600,92.02
264.60821057483554,437026816,92.04
264.70860029757023,437026816,92.08
264.80898828059435,437026816,92.13
264.90939652360976,437026816,92.16
265.0098129976541,437026816,92.16
265.1104156021029,437420032,92.17
265.21180913224816,437420032,92.21
265.31222347542644,437420032,92.23
265.4126851595938,437420032,92.28
265.51320436410606,437420032,92.32
265.6137582100928,435089408,92.4
265.7141878735274,435351552,92.46
265.814555125311,435351552,92.5
265.9149138983339,435351552,92.54
266.0153375733644,435351552,92.55
266.11613463796675,435613696,92.56
266.21658575348556,435613696,92.61
266.3181449342519,435613696,92.66
266.4185162857175,435613696,92.7
266.5188617091626,435613696,92.7
266.6192369014025,436006912,92.72
266.7196151986718,436006912,92.76
266.8200534507632,436006912,92.8
266.92044126428664,436006912,92.84
267.0212048497051,436006912,92.86
267.12173823453486,436400128,92.87
267.2221443783492,436400128,92.92
267.3224969301373,436400128,92.96
267.4228189215064,436400128,92.99
267.52324466593564,436400128,92.99
267.62364863045514,435040256,93.06
267.7240075431764,435040256,93.1
267.82435358688235,435040256,93.15
267.9247198291123,435040256,93.2
268.02516920492053,435040256,93.2
268.1255473252386,435302400,93.22
268.2259792704135,435302400,93.26
268.3266108967364,435302400,93.3
268.4269714280963,435302400,93.34
268.52739650197327,435302400,93.34
268.62780435569584,435564544,93.36
268.72822221927345,435564544,93.4
268.8285675011575,435564544,93.45
268.9290451258421,435564544,93.48
269.0294477492571,435564544,93.48
269.131248742342,435957760,93.5
269.2315892931074,435957760,93.54
269.3322423491627,435957760,93.58
269.4326832536608,435957760,93.64
269.53314503096044,435957760,93.64
269.63349319063127,436350976,93.66
269.73385986685753,436350976,93.69
269.834219628945,436350976,93.74
269.93460120260715,436350976,93.78
270.03507990576327,436350976,93.78
270.13542575761676,436744192,93.81
270.2357411812991,436744192,93.85
270.33630295470357,436744192,93.88
270.4366786573082,436744192,93.92
270.53714535199106,436744192,93.93
270.6380580905825,437006336,93.95
270.7384311426431,437006336,94.0
270.8387463055551,437006336,94.05
270.93909163028,437006336,94.08
271.039444969967,437006336,94.08
271.13980968669057,437399552,94.1
271.2404934708029,437399552,94.14
271.34083668142557,437399552,94.16
271.44121724553406,437399552,94.2
271.54160805791616,437399552,94.24
271.64205856248736,437399552,94.29
271.74524209462106,435322880,94.42
271.845650697127,435060736,94.47
271.94611834175885,435060736,94.52
272.04644109494984,435060736,94.56
272.14682526513934,435453952,94.59
272.24723026156425,435453952,94.64
272.34758455492556,435453952,94.68
272.44800132513046,435453952,94.71
272.5484414305538,435453952,94.71
272.6491935979575,435716096,94.73
272.74957312084734,435716096,94.78
272.84999926388264,435716096,94.83
272.95032502524555,435716096,94.87
273.05085990950465,435716096,94.87
273.151519196108,436109312,94.9
273.25187858752906,436109312,94.94
273.3522705528885,436109312,94.98
273.4525727443397,436109312,95.02
273.55330955050886,436109312,95.02
273.65364339388907,436502528,95.06
273.75424014776945,436502528,95.1
273.8545777294785,436502528,95.14
273.95495897345245,436502528,95.16
274.0553713180125,436502528,95.16
274.1557187214494,436764672,95.2
274.25659796595573,436764672,95.24
274.3570377100259,436764672,95.29
274.45733687467873,436764672,95.32
274.5577749181539,436764672,95.32
274.6582211703062,437026816,95.35
274.7585875224322,437026816,95.38
274.85901155881584,437026816,95.43
274.95933168940246,437026816,95.46
275.0596711412072,437026816,95.46
275.16008881665766,437420032,95.49
275.2604305706918,437420032,95.53
275.36099679395556,437420032,95.57
275.46132537536323,437420032,95.61
275.5622103419155,435007488,95.68
275.6626322660595,435269632,95.74
275.7630515191704,435269632,95.79
275.86352306231856,435269632,95.81
275.9639062862843,435269632,95.84
276.0643260702491,435269632,95.84
276.1647394839674,435662848,95.87
276.2652199584991,435662848,95.92
276.3655484691262,435662848,95.95
276.4660926051438,435662848,95.98
276.56645076721907,435662848,95.98
276.66682288981974,436056064,96.02
276.7672186233103,436056064,96.06
276.86757638677955,436056064,96.11
276.9680783506483,436056064,96.13
277.06852784380317,436056064,96.13
277.1689354982227,436318208,96.17
277.2693068794906,436318208,96.22
277.3696834612638,436318208,96.26
277.47007219679654,436318208,96.28
277.5704357493669,436318208,96.28
277.67081137374043,436711424,96.32
277.77115654572845,436711424,96.36
277.87152815796435,436711424,96.4
277.9718839023262,436711424,96.43
278.07230965420604,436711424,96.43
278.172694247216,437104640,96.47
278.2730688601732,437104640,96.51
278.37399716861546,437104640,96.55
278.47456689178944,437104640,96.57
278.57496763393283,437104640,96.57
278.675353648141,437497856,96.62
278.77571924217045,437497856,96.66
278.8761059138924,437497856,96.7
278.9765128772706,435077120,96.77
279.07695017009974,435077120,96.79
279.1775573063642,435339264,96.84
279.277948057279,435339264,96.88
279.3783133216202,435339264,96.93
279.4786624740809,434724864,97.0
279.5790376588702,434724864,97.0
279.6794500891119,434987008,97.02
279.7798824943602,434987008,97.03
279.8803419582546,434987008,97.06
279.98072146996856,434987008,97.11
280.08114970475435,434987008,97.11
280.181515166536,435380224,97.15
280.2819424998015,435380224,97.18
280.38234340399504,435380224,97.22
280.482676576823,435380224,97.26
280.58309327065945,435380224,97.26
280.68346810154617,435773440,97.31
280.7838676534593,435773440,97.35
280.88434330932796,435773440,97.4
280.98471373319626,435773440,97.41
281.08515344560146,435773440,97.41
281.18559975735843,436035584,97.44
281.28600799292326,436035584,97.48
281.38677774742246,436035584,97.51
281.4871356692165,436035584,97.55
281.58753025345504,436035584,97.59
281.6879701856524,436035584,97.63
281.78841508179903,436428800,97.68
281.88882048614323,436428800,97.72
281.9892423469573,436428800,97.76
282.08963063172996,436428800,97.79
282.19015983492136,436822016,97.83
282.29051473736763,436822016,97.87
282.39125245437026,436822016,97.9
282.4915678855032,436822016,97.94
282.5921809691936,436822016,97.94
282.69254962168634,437084160,97.97
282.7930650059134,437084160,98.01
282.89347698912024,437084160,98.04
282.99387191422284,434716672,98.11
283.0945678986609,434978816,98.14
283.19542046636343,434978816,98.19
283.29584053717554,434978816,98.23
283.39622052013874,434978816,98.27
283.496570173651,434978816,98.27
283.5969384983182,435372032,98.28
283.6973338704556,435372032,98.33
283.7976798135787,435372032,98.38
283.8980646058917,435372032,98.42
283.9984797388315,435372032,98.42
284.09884933009744,435634176,98.43
284.1995558384806,435634176,98.47
284.30006022006273,435634176,98.51
284.4004045147449,435634176,98.55
284.5010298471898,435634176,98.57
284.6014073099941,436027392,98.58
284.7018180042505,436027392,98.62
284.8022450786084,436027392,98.66
284.902595680207,436027392,98.69
285.0029911529273,436027392,98.72
285.10335473529994,436420608,98.73
285.20367945730686,436420608,98.76
285.3040783703327,436420608,98.79
285.4044189937413,436420608,98.83
285.50477422587574,436420608,98.88
285.60524789988995,434946048,98.97
285.7056128438562,434946048,99.01
285.80606688559055,434946048,99.05
285.90651817061007,434946048,99.1
286.00706359371543,434946048,99.1
286.10741114616394,435339264,99.13
286.2078298199922,435339264,99.17
286.30865083634853,435339264,99.2
286.4090265389532,435339264,99.23
286.5094281025231,435339264,99.24
286.6097446065396,435732480,99.25
286.7102362085134,435732480,99.29
286.81058485247195,435732480,99.33
286.9116969984025,435732480,99.36
287.0121486745775,435732480,99.38
287.11261065490544,436125696,99.39
287.2130283303559,436125696,99.43
287.31339330226183,436125696,99.48
287.41371745429933,436125696,99.53
287.5146455504,436125696,99.53
287.6150449644774,436518912,99.54
287.7162621729076,436518912,99.58
287.8167099952698,436518912,99.62
287.9171124584973,436518912,99.66
288.017548693344,436518912,99.67
288.1180691253394,436781056,99.69
288.2184549700469,436781056,99.72
288.31920240446925,436781056,99.76
288.41959260590374,436781056,99.81
288.5199930611998,436781056,99.83
288.6203561332077,437174272,99.85
288.7206823360175,437174272,99.9
288.8211125973612,437174272,99.95
288.92150141112506,434716672,100.02
289.0219639465213,434716672,100.03
289.1223750375211,434978816,100.06
289.2227391619235,434978816,100.09
289.32310712337494,434978816,100.11
289.4234452955425,434978816,100.14
289.52385565824807,434978816,100.14
289.624252833426,435372032,100.17
289.72458101436496,435372032,100.21
289.82496388815343,435372032,100.25
289.92537224292755,435372032,100.29
290.0257796868682,435372032,100.29
290.12614852562547,435765248,100.31
290.2272142134607,435765248,100.34
290.3276005554944,435765248,100.38
290.4280657097697,435765248,100.42
290.52851917408407,435765248,100.43
290.6289518587291,436027392,100.45
290.7293668407947,436027392,100.49
290.82973056286573,436027392,100.54
290.930163577199,434667520,100.63
291.0305342692882,434667520,100.64
291.13089646957815,434929664,100.67
291.23150771670043,434929664,100.7
291.33187234960496,434929664,100.73
291.43224592134356,434929664,100.78
291.5325814932585,434929664,100.82
291.6330405175686,435322880,100.87
291.7334393095225,435322880,100.92
291.8338129222393,435322880,100.97
291.9343867972493,435322880,100.98
292.0348931029439,435322880,100.98
292.13559826649725,435716096,101.0
292.2365465424955,435716096,101.04
292.33693957328796,435716096,101.08
292.4372892975807,435716096,101.12
292.5376174803823,435716096,101.12
292.63871702738106,436109312,101.15
292.7392261698842,436109312,101.19
292.8396099843085,436109312,101.24
292.9400720484555,436109312,101.25
293.04054286144674,436109312,101.27
293.14099199324846,436502528,101.29
293.2415612284094,436502528,101.3
293.3433193229139,436502528,101.33
293.4436858743429,436502528,101.35
293.54411434568465,436502528,101.38
293.64453178085387,436502528,101.41
293.74515354447067,436764672,101.46
293.8455368857831,436764672,101.49
293.94601137936115,436764672,101.52
294.0464460812509,436764672,101.56
294.147812794894,435027968,101.66
294.2482553757727,435027968,101.7
294.349531814456,435027968,101.72
294.45041296072304,435027968,101.75
294.55078102461994,435027968,101.78
294.65129743888974,435027968,101.82
294.75172524154186,435290112,101.86
294.8521406631917,435290112,101.87
294.9526388775557,435290112,101.88
295.053365373984,435290112,101.9
295.153750134632,435290112,101.91
295.25423695892096,435290112,101.93
295.3552485741675,435290112,101.95
295.455560637638,435290112,101.97
295.55705262720585,435290112,101.98
295.65755082294345,435290112,101.99
295.75814055651426,435290112,102.01
295.85853617824614,435683328,102.05
295.9590652715415,435683328,102.07
296.0603577401489,435683328,102.08
296.1612701378763,435683328,102.11
296.26212676241994,435683328,102.14
296.3625218346715,435683328,102.16
296.4630184378475,435683328,102.19
296.56337356194854,435683328,102.21
296.66375527344644,436076544,102.24
296.76423583738506,436076544,102.26
296.86467584222555,436076544,102.29
296.9651393443346,436076544,102.32
297.0655959658325,436076544,102.35
297.1662251818925,436076544,102.37
297.26664143428206,436076544,102.39
297.36727350763977,436338688,102.43
297.46768165007234,436338688,102.46
297.56809636577964,436338688,102.48
297.6684851888567,436338688,102.52
297.76887690089643,436338688,102.55
297.8693051338196,436338688,102.58
297.96966097690165,436731904,102.61
298.0707719642669,436731904,102.63
298.1712209582329,436731904,102.65
298.2715935576707,436731904,102.67
298.3724138047546,436731904,102.7
298.4765503015369,436731904,102.72
298.57715044543147,436731904,102.75
298.67831598594785,436731904,102.77
298.7786566372961,437125120,102.8
298.8790971096605,437125120,102.84
298.9794511422515,437125120,102.87
299.08011839725077,437125120,102.89
299.18047695979476,437125120,102.91
299.2808371614665,437518336,102.95
299.38127879425883,437518336,102.98
299.481826050207,437518336,103.01
299.58236654289067,437518336,103.05
299.68269327655435,437518336,103.09
299.78308779746294,435421184,103.18
299.8834561612457,435421184,103.21
299.9837688822299,435421184,103.26
300.08419019542634,435421184,103.29
300.1845573987812,435814400,103.34
300.2849798221141,435814400,103.38
300.3853503037244,435814400,103.41
300.4857492353767,435814400,103.46
300.58608442917466,436076544,103.51
300.68641518987715,436076544,103.55
300.78672238253057,436076544,103.58
300.887174397707,436338688,103.63
300.9875519182533,436338688,103.68
301.0880378521979,436338688,103.73
301.19418983347714,435019776,103.82
301.2948253881186,435019776,103.88
301.3951800297946,435019776,103.92
301.4955807235092,435019776,103.97
301.59596871584654,435412992,104.02
301.6965145803988,435412992,104.07
301.7968926727772,435412992,104.11
301.8972606547177,435806208,104.15
301.99761682748795,435806208,104.18
302.0980563107878,435806208,104.2
302.1984286736697,435806208,104.23
302.2992145102471,435806208,104.26
302.3998199738562,435806208,104.26
302.500288086012,435806208,104.29
302.60070128925145,435806208,104.33
302.7010876815766,435806208,104.36
302.8016573060304,436068352,104.41
302.90205539762974,436068352,104.45
303.0024655908346,436068352,104.49
303.1028740443289,436461568,104.54
303.20324608683586,436461568,104.58
303.3036369588226,436461568,104.63
303.4040394220501,436461568,104.68
303.50454190559685,436723712,104.72
303.60496099852026,436723712,104.77
303.7053449191153,436723712,104.82
303.80584582313895,435048448,104.93
303.906252566725,435048448,104.98
304.00660871714354,435048448,105.03
304.1071033515036,435048448,105.06
304.20764949545264,435441664,105.1
304.3080749902874,435441664,105.14
304.40845471061766,435441664,105.18
304.50877533480525,435441664,105.22
304.6091696768999,435834880,105.26
304.7095839381218,435834880,105.31
304.81004170142114,435834880,105.35
304.9104451742023,436097024,105.41
305.0108592286706,436097024,105.45
305.1112171597779,436097024,105.5
305.21161845326424,436097024,105.54
305.31203766539693,436490240,105.58
305.41245973855257,436490240,105.64
305.512812461704,436490240,105.68
305.61319206282496,436490240,105.7
305.7135603558272,436752384,105.73
305.8138848785311,436752384,105.77
305.91424486227334,436752384,105.8
306.01456678286195,436752384,105.83
306.11509357765317,437145600,105.85
306.2160838227719,437145600,105.89
306.3164463546127,437145600,105.94
306.4167990460992,437145600,105.98
306.51719021983445,437145600,105.98
306.61754979379475,437538816,106.0
306.7179046664387,437538816,106.04
306.8182455059141,437538816,106.09
306.91868741065264,435130368,106.16
307.0191327612847,435130368,106.2
307.1195313055068,435392512,106.21
307.2200365383178,435392512,106.26
307.3203645311296,435392512,106.31
307.42114052549005,435392512,106.34
307.5217496827245,435392512,106.34
307.62222463451326,435785728,106.37
307.72260912694037,435785728,106.4
307.82301281020045,435785728,106.45
307.92341118119657,435785728,106.5
308.02378217317164,435785728,106.5
308.12418968603015,436178944,106.51
308.22454607859254,436178944,106.56
308.3248801100999,436178944,106.6
308.42526823468506,436178944,106.64
308.5257043465972,436178944,106.64
308.62607556954026,436441088,106.66
308.7267543040216,436441088,106.7
308.82711906544864,436441088,106.74
308.9274968877435,436441088,106.77
309.02790411934257,434778112,106.86
309.1282851025462,435040256,106.92
309.2286103852093,435040256,106.96
309.3292374908924,435040256,107.0
309.42955498211086,435040256,107.02
309.5299644935876,435040256,107.03
309.6303030382842,435433472,107.05
309.7306529376656,435433472,107.1
309.8311006613076,435433472,107.14
309.93163024634123,435433472,107.16
310.0321212671697,435433472,107.16
310.13244714960456,435695616,107.18
310.23278957232833,435695616,107.23
310.33332835510373,435695616,107.27
310.4338385704905,435695616,107.29
310.5342361703515,435695616,107.29
310.63485689647496,436088832,107.31
310.7352160587907,436088832,107.37
310.8355816025287,436088832,107.41
310.93605792336166,436088832,107.45
311.03639763593674,436088832,107.45
311.13799144513905,436482048,107.47
311.2383702788502,436482048,107.5
311.33875853195786,436482048,107.53
311.4391321539879,436482048,107.56
311.53946358524263,436482048,107.61
311.63983812741935,436482048,107.65
311.7401821613312,436875264,107.7
311.8405617941171,436875264,107.75
311.9410422258079,436875264,107.78
312.0414445884526,436875264,107.82
312.1419084817171,435212288,107.9
312.2422317545861,435212288,107.97
312.34259017556906,435212288,107.99
312.4431099500507,435212288,108.03
312.54346938245,435212288,108.08
312.64389394409955,435474432,108.11
312.74423568695784,435474432,108.15
312.84469912946224,435474432,108.2
312.9452076219022,435474432,108.23
313.045636985451,435474432,108.23
313.1460966374725,435867648,108.26
313.2468922846019,435867648,108.29
313.34733481518924,435867648,108.34
313.4476829171181,435867648,108.38
313.5480984505266,435867648,108.4
313.64844750240445,436260864,108.43
313.74890624545515,436260864,108.47
313.84921517781913,436260864,108.5
313.94989802129567,436260864,108.53
314.0502246748656,436260864,108.53
314.1508825086057,436523008,108.56
314.25125352293253,436523008,108.6
314.3515562321991,436523008,108.64
314.4522757064551,436523008,108.67
314.55264366976917,436523008,108.68
314.65299218147993,436785152,108.71
314.75353140570223,436785152,108.75
314.85398452728987,436785152,108.79
314.9550572466105,436785152,108.82
315.0554952081293,436785152,108.82
315.15591468289495,437047296,108.84
315.25676426663995,437047296,108.87
315.3582165259868,437047296,108.89
315.45858557894826,437047296,108.94
315.55904416926205,437047296,108.97
315.6594507936388,437440512,109.01
315.7598580252379,437440512,109.05
315.8602796699852,437440512,109.09
315.9607504028827,435064832,109.15
316.06124951317906,435064832,109.2
316.1616318784654,435326976,109.23
316.2620873693377,435326976,109.28
316.36245170235634,435326976,109.31
316.4627632535994,435326976,109.33
316.56317936629057,435326976,109.35
316.66350655816495,435720192,109.39
316.76397726126015,435720192,109.44
316.86439687386155,435720192,109.45
316.9647936858237,435720192,109.49
317.0652135293931,435720192,109.49
317.16564818285406,436113408,109.52
317.2660248335451,436113408,109.56
317.36644906550646,436113408,109.59
317.46681666933,436113408,109.63
317.5674472823739,436113408,109.63
317.66881443187594,436375552,109.66
317.7692006453872,436375552,109.7
317.8695708978921,436375552,109.75
317.97002607025206,434688000,109.83
318.07041144929826,434688000,109.86
318.170864013955,434950144,109.9
318.2712550777942,434950144,109.93
318.37161901034415,434950144,109.98
318.47197145037353,434950144,110.0
318.572431454435,434950144,110.01
318.6728584971279,435343360,110.04
318.77324890717864,435343360,110.09
318.8736316226423,435343360,110.13
318.97409185394645,435343360,110.17
319.0744426455349,435343360,110.17
319.1748255379498,435736576,110.21
319.2751984298229,435736576,110.24
319.37554087117314,435736576,110.29
319.4760390855372,435736576,110.3
319.57641626894474,435736576,110.3
319.6772697623819,435998720,110.35
319.77757869660854,435998720,110.39
319.87801605835557,435998720,110.44
319.9784278906882,435998720,110.44
320.07885417342186,435998720,110.44
320.17938095517457,436391936,110.48
320.27973868884146,436391936,110.51
320.3801635429263,436391936,110.55
320.4805441945791,436391936,110.59
320.58099608682096,436391936,110.6
320.6816374901682,436785152,110.63
320.7820934522897,436785152,110.66
320.8824828546494,436785152,110.69
320.98305103741586,436785152,110.71
321.0834777019918,436785152,110.74
321.1838743146509,437178368,110.75
321.28428895398974,437178368,110.78
321.3850449491292,437178368,110.8
321.4857530463487,437178368,110.83
321.5871802736074,437178368,110.85
321.6874911952764,437178368,110.89
321.7881795503199,437178368,110.93
321.8885414749384,437178368,110.96
321.99227066524327,434982912,111.07
322.0927952416241,434982912,111.13
322.1936381254345,434982912,111.17
322.29484551399946,434982912,111.2
322.3952496740967,434982912,111.24
322.4956626072526,435376128,111.29
322.596102559939,435376128,111.33
322.6965162437409,435376128,111.37
322.79688455350697,435769344,111.42
322.8972826972604,435769344,111.46
322.9976817499846,435769344,111.51
323.0981401614845,436162560,111.54
323.19861558638513,436162560,111.59
323.2990573477,436162560,111.63
323.39997300319374,436162560,111.67
323.5004055351019,436162560,111.69
323.6009933203459,436424704,111.7
323.7013551220298,436424704,111.72
323.8016932234168,436424704,111.76
323.90208885632455,436424704,111.81
324.00245484896004,436424704,111.83
324.10444665141404,436817920,111.84
324.2047965824604,436817920,111.88
324.30523717589676,436817920,111.93
324.4055844079703,436817920,111.97
324.5060165505856,436817920,111.97
324.60643112286925,437080064,111.99
324.7094517312944,437080064,112.01
324.8098683860153,437080064,112.05
324.9102655388415,437080064,112.09
325.01068995893,437080064,112.1
325.1116919387132,437080064,112.11
325.21207961812615,437080064,112.13
325.3124899417162,437473280,112.17
325.4135897383094,437473280,112.2
325.51404548995197,437473280,112.23
325.61441648192704,437473280,112.27
325.71523888781667,435122176,112.35
325.8155717179179,435384320,112.39
325.9162312336266,435384320,112.44
326.0166649259627,435384320,112.48
326.1172422505915,435777536,112.51
326.2190508507192,435777536,112.55
326.319389693439,435777536,112.58
326.41981264576316,435777536,112.62
326.5202481895685,435777536,112.64
326.6206349506974,436170752,112.65
326.7211170941591,436170752,112.7
326.8214614931494,436170752,112.74
326.92282792180777,436170752,112.78
327.02329604513943,436170752,112.8
327.1238605976105,436432896,112.81
327.22428619116545,436432896,112.85
327.32522286847234,436432896,112.89
327.42557556927204,436432896,112.92
327.52595692127943,436432896,112.95
327.62632982619107,436695040,112.97
327.72665537521243,436695040,113.01
327.8270714581013,436695040,113.05
327.9273942708969,436695040,113.09
328.0278384219855,436695040,113.1
328.12819657474756,437088256,113.12
328.2285774871707,437088256,113.15
328.3290119897574,437088256,113.19
328.43029398843646,437088256,113.23
328.5306592900306,437088256,113.26
328.6312658339739,437481472,113.28
328.73165947571397,437481472,113.3
328.83209929801524,437481472,113.32
328.9325430896133,437481472,113.35
329.0331587549299,437481472,113.38
329.1339611504227,437481472,113.41
329.23429119214416,437481472,113.44
329.3346419427544,435302400,113.53
329.4352222159505,435302400,113.55
329.53569932095706,435302400,113.55
329.6374101899564,435302400,113.58
329.7378180343658,435302400,113.61
329.8381810337305,435302400,113.64
329.93855837732553,435695616,113.69
330.0413678456098,435695616,113.74
330.1417040787637,436088832,113.78
330.2421343177557,436088832,113.84
330.34246855042875,436088832,113.88
330.44283463433385,436088832,113.92
330.54324712604284,436088832,113.92
330.64358964562416,436350976,113.95
330.74393186718225,436613120,113.99
330.8442724701017,436613120,114.03
330.94461701251566,436744192,114.07
331.0449749343097,436744192,114.07
331.1453650854528,437661696,114.09
331.2459670808166,437661696,114.12
331.34632450155914,437661696,114.14
331.4467006549239,437661696,114.18
331.54705000668764,437792768,114.23
331.6486536376178,437792768,114.27
331.7491429578513,437792768,114.3
331.8495516013354,436711424,114.38
331.9499863348901,436711424,114.44
332.0505088865757,436711424,114.48
332.1508952509612,436711424,114.52
332.2512431703508,437104640,114.56
332.35162374190986,437104640,114.61
332.4520763941109,437104640,114.66
332.5524092465639,437104640,114.7
332.65274427831173,437366784,114.74
332.7531054392457,437366784,114.76
332.85345447435975,437366784,114.8
332.95389812625945,437366784,114.83
333.05429411679506,437366784,114.83
333.1546232905239,437891072,114.85
333.2551537118852,437891072,114.89
333.3555046822876,437891072,114.94
333.4559420775622,437891072,114.96
333.55630393885076,437891072,114.96
333.6566666197032,438284288,114.99
333.7570505719632,438284288,115.03
333.85742559470236,438284288,115.08
333.9577408451587,438284288,115.1
334.05818181857467,438284288,115.1
334.1585780698806,438677504,115.12
334.2590131815523,438677504,115.16
334.3593518137932,438677504,115.19
334.45973713696003,438677504,115.24
334.5601982474327,438677504,115.24
334.66054710000753,439070720,115.28
334.7609063517302,439070720,115.33
334.8612600341439,439070720,115.37
334.9616237767041,439070720,115.39
335.0620916299522,439070720,115.39
335.16252574138343,439332864,115.42
335.26301579363644,439332864,115.46
335.3633809052408,439332864,115.5
335.46375771798193,439332864,115.54
335.56415610946715,436969472,115.59
335.6649985834956,437231616,115.66
335.7655179258436,437231616,115.7
335.86597773991525,437231616,115.74
335.96632272191346,437231616,115.78
336.06940530240536,437231616,115.78
336.1698650047183,437493760,115.8
336.27036056667566,437493760,115.84
336.3707432989031,437493760,115.88
336.4714146517217,437493760,115.9
336.57201096601784,437493760,115.94
336.67325156368315,437886976,115.99
336.77360274642706,437886976,116.03
336.87409831769764,437886976,116.06
336.974462389946,437886976,116.1
337.07482940144837,437886976,116.11
337.17529328353703,436879360,116.19
337.2756387665868,436879360,116.22
337.37637286260724,436879360,116.26
337.4766927920282,436879360,116.28
337.57771738804877,436879360,116.31
337.6788288857788,437141504,116.35
337.7791819572449,437141504,116.38
337.8795058373362,437141504,116.41
337.97995889000595,437141504,116.45
338.0807386152446,437141504,116.47
338.18112003803253,437534720,116.5
338.2814838401973,437534720,116.52
338.38185013085604,437534720,116.56
338.48224628157914,437534720,116.58
338.5839930139482,437534720,116.62
338.6843704357743,437927936,116.64
338.7848832104355,437927936,116.67
338.8870369512588,437927936,116.69
338.98746748641133,437927936,116.72
339.08815049752593,437927936,116.74
339.18856755271554,437927936,116.77
339.28902228176594,438190080,116.8
339.390208510682,438190080,116.84
339.49060789495707,438190080,116.87
339.5910433959216,438190080,116.9
339.6916849091649,438190080,116.94
339.79222775250673,438583296,116.98
339.8927032649517,438583296,117.01
339.99311717785895,438583296,117.04
340.09377104975283,438583296,117.07
340.194268964231,438583296,117.09
340.2947330940515,438976512,117.13
340.39563547074795,438976512,117.16
340.4960654620081,438976512,117.2
340.5964819546789,438976512,117.25
340.6969407182187,439238656,117.29
340.7972778696567,439238656,117.33
340.89759431034327,439238656,117.37
340.99799839407206,439238656,117.42
341.0984113458544,436883456,117.5
341.1988042779267,437145600,117.53
341.2991824373603,437145600,117.56
341.39978716149926,437145600,117.59
341.50028448551893,437145600,117.62
341.60066858679056,437145600,117.65
341.70113855041564,437145600,117.69
341.80154024250805,437145600,117.74
341.9019930437207,436883456,117.83
342.0023365262896,436883456,117.87
342.10267743840814,436883456,117.9
342.2030744794756,436883456,117.94
342.30349274910986,437276672,117.98
342.4040049146861,437276672,118.03
342.5043757557869,437276672,118.07
342.6048379987478,437669888,118.12
342.70525594986975,437669888,118.16
342.80609436519444,437669888,118.2
342.9064265862107,437669888,118.25
343.0068897586316,437669888,118.26
343.1074057724327,437932032,118.27
343.2080881856382,437932032,118.31
343.30875699967146,437932032,118.34
343.4091899227351,437932032,118.38
343.5095164421946,437932032,118.42
343.6102461889386,438325248,118.43
343.7106866501272,438325248,118.48
343.811113210395,438325248,118.5
343.9115611445159,438325248,118.52
344.01232957839966,438325248,118.56
344.11270588077605,438718464,118.6
344.2131330817938,438718464,118.65
344.31348595395684,438718464,118.69
344.4138928055763,438718464,118.73
344.5142462383956,438718464,118.74
344.61456160992384,438980608,118.76
344.7162537202239,438980608,118.8
344.8173058256507,438980608,118.85
344.91769599728286,438980608,118.88
345.0182292405516,438980608,118.9
345.1186730135232,439242752,118.92
345.2198566496372,439242752,118.93
345.3204635139555,439242752,118.96
345.42091140523553,439242752,119.0
345.5221788547933,439242752,119.04
345.62256799452007,436965376,119.09
345.7231359779835,437227520,119.18
345.8235006593168,437227520,119.22
345.92389472201467,437227520,119.26
346.0242754239589,437227520,119.3
346.1262155864388,437489664,119.33
346.2266045063734,437489664,119.37
346.32704733870924,437489664,119.4
346.4274233914912,437489664,119.44
346.52798332460225,437489664,119.47
346.62832066603005,437882880,119.49
346.7286943476647,437882880,119.53
346.8293896019459,437882880,119.57
346.92987539432943,437882880,119.6
347.0303917862475,437882880,119.6
347.1309428792447,438276096,119.63
347.2313690111041,438276096,119.66
347.33177299425006,438276096,119.7
347.4322261661291,438276096,119.73
347.53585527837276,438276096,119.78
347.6362232118845,436924416,119.87
347.7365984749049,436924416,119.9
347.83714791573584,436924416,119.94
347.9375301580876,436924416,119.98
348.03789487853646,436924416,120.01
348.13830403238535,437186560,120.05
348.2387027423829,437186560,120.1
348.3391110058874,437186560,120.14
348.4395678061992,437186560,120.17
348.540082430467,437186560,120.17
348.64045174978673,437579776,120.19
348.7409936655313,437579776,120.22
348.84135805629194,437579776,120.24
348.9417475182563,437579776,120.27
349.0421478692442,437579776,120.3
349.14266581460834,437841920,120.32
349.24309381470084,437841920,120.34
349.3434667252004,437841920,120.38
349.4438312575221,437841920,120.42
349.5442058593035,437841920,120.44
349.64453448168933,438235136,120.47
349.7449112124741,438235136,120.51
349.8456484861672,438235136,120.56
349.94612911716104,438235136,120.6
350.0465201418847,438235136,120.6
350.14686996117234,438628352,120.61
350.24809781089425,438628352,120.65
350.3484369814396,438628352,120.69
350.4487793613225,438628352,120.73
350.5492635257542,438628352,120.75
350.6498903185129,439021568,120.79
350.750191969797,439021568,120.82
350.85058387182653,439021568,120.86
350.9510454144329,436613120,120.94
351.0514253657311,436613120,120.96
351.15175748616457,436875264,120.98
351.25224521942437,436875264,121.02
351.3526250720024,436875264,121.04
351.45299157314,436875264,121.08
351.5533390138298,436875264,121.13
351.65366975590587,436875264,121.16
351.75822872668505,437268480,121.21
351.8588505089283,436965376,121.29
351.9592305291444,436965376,121.34
352.0596476625651,436965376,121.37
352.1602527666837,436965376,121.41
352.2606197986752,437227520,121.44
352.36104198917747,437227520,121.48
352.46140838973224,437227520,121.5
352.56175028160214,437227520,121.52
352.6621624547988,437489664,121.56
352.7630648408085,437489664,121.59
352.8634405825287,437489664,121.61
352.9637771937996,437489664,121.65
353.06454825773835,437489664,121.67
353.16488388739526,437882880,121.7
353.26554518193007,437882880,121.72
353.3659644946456,437882880,121.74
353.46638938598335,437882880,121.76
353.5668205060065,437882880,121.78
353.66722106933594,437882880,121.8
353.76758961007,437882880,121.83
353.86804143339396,437882880,121.86
353.9684585854411,438276096,121.9
354.0689595974982,438276096,121.92
354.16936073079705,438276096,121.93
354.2714139614254,438276096,121.95
354.374428672716,438276096,121.96
354.4791259933263,438276096,121.97
354.5795231461525,438276096,121.98
354.6802838984877,438276096,121.98
354.78220224939287,438276096,122.0
354.8825967423618,438276096,122.01
354.9836568683386,438276096,122.02
355.0851403474808,438276096,122.03
355.1855645496398,438276096,122.04
355.2875513229519,438276096,122.06
355.38930597156286,438276096,122.08
355.48969927430153,438276096,122.1
355.5903012380004,438538240,122.12
355.6912295613438,438538240,122.14
355.7918661851436,438538240,122.16
355.8922355659306,438538240,122.17
355.99308043159544,438538240,122.19
356.0945423617959,438538240,122.21
356.19491171464324,438538240,122.23
356.2956684771925,438538240,122.26
356.3965804502368,438538240,122.28
356.49696697480977,438931456,122.31
356.5974149759859,438931456,122.35
356.69781367853284,438931456,122.38
356.7982735577971,438931456,122.4
356.89867734164,438931456,122.43
356.99916983395815,438931456,122.46
357.1008192822337,439324672,122.48
357.2012012731284,439324672,122.51
357.30160342529416,439324672,122.54
357.40215731970966,439324672,122.56
357.50252272188663,439324672,122.58
357.6029807012528,439324672,122.62
357.70370380580425,439324672,122.64
357.8041033372283,439324672,122.66
357.90471728146076,437186560,122.75
358.0052187833935,437186560,122.79
358.10560672543943,437186560,122.81
358.20609987713397,437186560,122.83
358.30670918151736,437186560,122.85
358.40711906179786,437186560,122.86
358.5074728541076,437186560,122.88
358.60887046158314,437186560,122.91
358.7092449143529,437186560,122.94
358.80964100547135,437579776,122.97
358.91005282849073,437579776,122.99
359.0104549303651,437579776,123.01
359.11163719557226,437579776,123.03
359.2120295278728,437579776,123.04
359.3126626815647,437579776,123.07
359.4130126629025,437579776,123.08
359.5137637965381,437579776,123.1
359.61417094804347,437972992,123.14
359.7152056135237,437972992,123.16
359.8158405665308,437972992,123.19
359.91651010140777,437972992,123.22
360.0169468931854,437972992,123.25
360.1182188298553,438235136,123.28
360.218554450199,438235136,123.31
360.318984253332,438235136,123.35
360.41938137449324,438235136,123.38
360.51974676549435,436965376,123.47
360.6201056651771,436965376,123.54
360.72050430998206,436965376,123.58
360.82089540176094,436965376,123.64
360.92143037356436,437227520,123.69
361.02178312651813,437227520,123.74
361.1224877871573,437227520,123.78
361.22283761017025,437489664,123.82
361.32321802154183,437489664,123.86
361.42353016138077,437489664,123.9
361.52397250570357,437882880,123.95
361.62428880669177,437882880,124.0
361.72464727796614,437882880,124.01
361.8251890093088,437882880,124.05
361.92554454132915,438276096,124.1
362.0258911214769,438276096,124.14
362.1263856738806,438276096,124.19
362.22703655809164,438669312,124.24
362.3273814897984,438669312,124.29
362.42774966172874,439062528,124.34
362.5281763114035,439062528,124.39
362.6285346336663,439062528,124.43
362.72896334528923,439062528,124.49
362.8293447177857,426020864,124.59
